"primary_key","object_id","product_family_id","product_family_name","product_family_number","laststreameddate","itemref","batch_number","material","sample_id","analysis","measurement","itemcondition","time_point","display_result","entered_result","units","limit_type_id","coa_limit","verification_status","smd_reference","site","manufacture_site"
"01968265-dd3a-7ecf-97ba-98a42721ed68-0196c2a6-1b45-707c-88c3-4786b0d28634-123-190102975227|GLO|SPEC-00014195|24|Not In|-99999|||<= 100 NG/MG PROTEIN||PASS","0196c2a6-1b45-707c-88c3-4786b0d28634","01968265-dd3a-7ecf-97ba-98a42721ed68",CypressTC3 – Streamer Test,"123",2025-05-14 00:00:00.000,"190102975227|GLO|SPEC-00014195|24|Not In|-99999|||<= 100 NG/MG PROTEIN||PASS","944220","307511-BIO","90031475",HOST CELL PROTEIN,Residual HCP,"5°C/25°C/60%RH","0 months",<1,<1,ng/mg protein,GLO,<= 100 NG/MG PROTEIN,Pass,"TV-SPEC-16223, DS-SPE-24449",Cork_API-L,Cork_API-L
"01968265-dd3a-7ecf-97ba-98a42721ed68-0196c2a6-50c0-7b01-9a5a-4268d7bd9db1-123-190102975707|CHAR|SPEC-00014195|23|>|-99999|||REPORT RESULTS||PASS","0196c2a6-50c0-7b01-9a5a-4268d7bd9db1","01968265-dd3a-7ecf-97ba-98a42721ed68",CypressTC3 – Streamer Test,"123",2025-05-14 00:00:00.000,"190102975707|CHAR|SPEC-00014195|23|>|-99999|||REPORT RESULTS||PASS","944220","307511-BIO","90031504",OLIGOSACCHARIDE MAP,G1,"5°C/25°C/60%RH","0 months","6.47","6.47",%,CHAR,REPORT RESULTS,Pass,"TV-SPEC-16223, DS-SPE-24449",Cork_API-L,Cork_API-L
"01968265-dd3a-7ecf-97ba-98a42721ed68-0196c2a6-587b-7013-abd9-81c0ad45a5b3-123-190102975245|GLO|SPEC-00014195|24|<=|5.0|||<=5.0|ADO1 C19250870|PASS","0196c2a6-587b-7013-abd9-81c0ad45a5b3","01968265-dd3a-7ecf-97ba-98a42721ed68",CypressTC3 – Streamer Test,"123",2025-05-14 00:00:00.000,"190102975245|GLO|SPEC-00014195|24|<=|5.0|||<=5.0|ADO1 C19250870|PASS","944220","307511-BIO","90031478",HI HPLC,Pre-peak,"5°C/25°C/60%RH","0 months",<1.0,"0.9177",%,GLO,<=5.0,Pass,"TV-SPEC-16223, DS-SPE-24449",Cork_API-L,Cork_API-L
"01968265-dd3a-7ecf-97ba-98a42721ed68-0196c2a6-5bdb-73ec-a97c-842384cd88a1-123-190102975217|GLO|SPEC-00014195|19|In|<= BY2;<= BY3;<= BY4;<= BY5;<= BY6;<= BY7;COLORLESS|||COLORLESS TO <= BY2||PASS","0196c2a6-5bdb-73ec-a97c-842384cd88a1","01968265-dd3a-7ecf-97ba-98a42721ed68",CypressTC3 – Streamer Test,"123",2025-05-14 00:00:00.000,"190102975217|GLO|SPEC-00014195|19|In|<= BY2;<= BY3;<= BY4;<= BY5;<= BY6;<= BY7;COLORLESS|||COLORLESS TO <= BY2||PASS","944220","307511-BIO","90031474",COLOUR SOLUTION,Brown-Yellow Series (Standard BY),"5°C/25°C/60%RH","0 months",<= BY7,<= BY7,,GLO,COLORLESS TO <= BY2,Pass,"TV-SPEC-16223, DS-SPE-24449",Cork_API-L,Cork_API-L
"01968265-dd3a-7ecf-97ba-98a42721ed68-0196c2a6-8211-72b7-87b0-a32b367a5ef1-123-190102975301|GLO|SPEC-00014195|19|<=|8.0|||<=8.0|ADO1 C19250870|PASS","0196c2a6-8211-72b7-87b0-a32b367a5ef1","01968265-dd3a-7ecf-97ba-98a42721ed68",CypressTC3 – Streamer Test,"123",2025-05-14 00:00:00.000,"190102975301|GLO|SPEC-00014195|19|<=|8.0|||<=8.0|ADO1 C19250870|PASS","944220","307511-BIO","90031478",CSDS REDUCED 1,AG HC,"5°C/25°C/60%RH","0 months","3.6","3.593",%,GLO,<=8.0,Pass,"TV-SPEC-16223, DS-SPE-24449",Cork_API-L,Cork_API-L
"01968265-dd3a-7ecf-97ba-98a42721ed68-0196c2a6-a75b-7602-b469-d00bccf2dbb0-123-190102975299|GLO|SPEC-00014195|19|>=|95.0|||>=95.0|ADO1 C19250870|PASS","0196c2a6-a75b-7602-b469-d00bccf2dbb0","01968265-dd3a-7ecf-97ba-98a42721ed68",CypressTC3 – Streamer Test,"123",2025-05-14 00:00:00.000,"190102975299|GLO|SPEC-00014195|19|>=|95.0|||>=95.0|ADO1 C19250870|PASS","944220","307511-BIO","90031478",CSDS REDUCED 1,Purity,"5°C/25°C/60%RH","0 months","98.8","98.792",%,GLO,>=95.0,Pass,"TV-SPEC-16223, DS-SPE-24449",Cork_API-L,Cork_API-L
"01968265-dd3a-7ecf-97ba-98a42721ed68-0196c2a7-3fcc-77c2-99b0-622f341f5c5c-123-190102844641|GLO|SPEC-00013823|16|<=|1.00|||<=1.00||PASS","0196c2a7-3fcc-77c2-99b0-622f341f5c5c","01968265-dd3a-7ecf-97ba-98a42721ed68",CypressTC3 – Streamer Test,"123",2025-05-14 00:00:00.000,"190102844641|GLO|SPEC-00013823|16|<=|1.00|||<=1.00||PASS","944220","307511-BIO","19970828",IC TOC SAMPLE CV1,TOC (Swab),"5°C/25°C/60%RH","0 months","0.34","0.339",ppm,GLO,<=1.00,Pass,"TV-TEC-59102, TV-TEC-67340",Cork_API-L,Cork_API-L
"01968265-dd3a-7ecf-97ba-98a42721ed68-0196c2a7-4264-7155-8e54-959ee3c5cf75-123-190102975305|GLO|SPEC-00014195|24|In|NO NEW PEAK >1.0% COMPARED TO REFERENCE MATERIAL|||NO NEW PEAK >1.0% COMPARED TO REFERENCE MATERIAL|ADO1 C19250870|PASS","0196c2a7-4264-7155-8e54-959ee3c5cf75","01968265-dd3a-7ecf-97ba-98a42721ed68",CypressTC3 – Streamer Test,"123",2025-05-14 00:00:00.000,"190102975305|GLO|SPEC-00014195|24|In|NO NEW PEAK >1.0% COMPARED TO REFERENCE MATERIAL|||NO NEW PEAK >1.0% COMPARED TO REFERENCE MATERIAL|ADO1 C19250870|PASS","944220","307511-BIO","90031478",CSDS REDUCED 1,New Peak,"5°C/25°C/60%RH","0 months",No new peak >1.0% compared to Reference Material,No new peak >1.0% compared to Reference Material,,GLO,NO NEW PEAK >1.0% COMPARED TO REFERENCE MATERIAL,Pass,"TV-SPEC-16223, DS-SPE-24449",Cork_API-L,Cork_API-L
"01968265-dd3a-7ecf-97ba-98a42721ed68-0196c2a7-75ff-7382-a55f-c60ed4327bce-123-230164316434|GLO|SPEC-00014195|24|<=|0.14|||<=0.14||PASS","0196c2a7-75ff-7382-a55f-c60ed4327bce","01968265-dd3a-7ecf-97ba-98a42721ed68",CypressTC3 – Streamer Test,"123",2025-05-14 00:00:00.000,"230164316434|GLO|SPEC-00014195|24|<=|0.14|||<=0.14||PASS","944220","307511-BIO","90031473",IC ENDTOX SAMPLE,Endotoxin,"5°C/25°C/60%RH","0 months","0.02","0.0180753968",EU/mg,GLO,<=0.14,Pass,"TV-SPEC-16223, DS-SPE-24449",Cork_API-L,Cork_API-L
"01968265-dd3a-7ecf-97ba-98a42721ed68-0196c2a7-b3b6-7faf-abdb-c8611103287b-123-190102975217|GLO|SPEC-00014195|24|In|<= BY2;<= BY3;<= BY4;<= BY5;<= BY6;<= BY7;COLORLESS|||COLORLESS TO <= BY2||PASS","0196c2a7-b3b6-7faf-abdb-c8611103287b","01968265-dd3a-7ecf-97ba-98a42721ed68",CypressTC3 – Streamer Test,"123",2025-05-14 00:00:00.000,"190102975217|GLO|SPEC-00014195|24|In|<= BY2;<= BY3;<= BY4;<= BY5;<= BY6;<= BY7;COLORLESS|||COLORLESS TO <= BY2||PASS","944220","307511-BIO","90031474",COLOUR SOLUTION,Brown-Yellow Series (Standard BY),"5°C/25°C/60%RH","0 months",<= BY7,<= BY7,,GLO,COLORLESS TO <= BY2,Pass,"TV-SPEC-16223, DS-SPE-24449",Cork_API-L,Cork_API-L
"01968265-dd3a-7ecf-97ba-98a42721ed68-0196c2a7-baf4-7031-9789-312ed5a4300b-123-190102536407|GLO|SPEC-00013823|15|<=|1.00|||<=1.00||PASS","0196c2a7-baf4-7031-9789-312ed5a4300b","01968265-dd3a-7ecf-97ba-98a42721ed68",CypressTC3 – Streamer Test,"123",2025-05-14 00:00:00.000,"190102536407|GLO|SPEC-00013823|15|<=|1.00|||<=1.00||PASS","944220","307511-BIO","19970805",TOC 1,TOC (Swab),"5°C/25°C/60%RH","0 months","0.39","0.3850",ppm,GLO,<=1.00,Pass,"TV-TEC-59102, TV-TEC-67340",Cork_API-L,Cork_API-L
"01968265-dd3a-7ecf-97ba-98a42721ed68-0196c2a7-c9d3-7146-a43e-43539585e6ea-123-230164316422|INH|SPEC-00014195|24|=|10|||>=10 <=10||","0196c2a7-c9d3-7146-a43e-43539585e6ea","01968265-dd3a-7ecf-97ba-98a42721ed68",CypressTC3 – Streamer Test,"123",2025-05-14 00:00:00.000,"230164316422|INH|SPEC-00014195|24|=|10|||>=10 <=10||","944220","307511-BIO","90031473",BIOBURDEN,"10 TSA MF","5°C/25°C/60%RH","0 months",,,mL,INH,>=10 <=10,Pass,"TV-SPEC-16223, DS-SPE-24449",Cork_API-L,Cork_API-L
"01968265-dd3a-7ecf-97ba-98a42721ed68-0196c2a7-cac5-707d-ba8e-1a4a88653696-123-190102975219|GLO|SPEC-00014195|24|In|<=Y2;<=Y3;<=Y4;<=Y5;<=Y6;<=Y7;COLORLESS|||COLORLESS TO ≤Y2||PASS","0196c2a7-cac5-707d-ba8e-1a4a88653696","01968265-dd3a-7ecf-97ba-98a42721ed68",CypressTC3 – Streamer Test,"123",2025-05-14 00:00:00.000,"190102975219|GLO|SPEC-00014195|24|In|<=Y2;<=Y3;<=Y4;<=Y5;<=Y6;<=Y7;COLORLESS|||COLORLESS TO ≤Y2||PASS","944220","307511-BIO","90031474",COLOUR SOLUTION,Yellow Series (Standard Y),"5°C/25°C/60%RH","0 months",<=Y7,<=Y7,,GLO,COLORLESS TO ≤Y2,Pass,"TV-SPEC-16223, DS-SPE-24449",Cork_API-L,Cork_API-L
"01968265-dd3a-7ecf-97ba-98a42721ed68-0196c2a7-cbe2-757e-a8b9-376e8427e3b0-123-200114110051|CHAR|SPEC-00014195|23|>|-99999|||REPORT RESULTS||PASS","0196c2a7-cbe2-757e-a8b9-376e8427e3b0","01968265-dd3a-7ecf-97ba-98a42721ed68",CypressTC3 – Streamer Test,"123",2025-05-14 00:00:00.000,"200114110051|CHAR|SPEC-00014195|23|>|-99999|||REPORT RESULTS||PASS","944220","307511-BIO","90041586",BIOASSAY 13,ADCC,"5°C/25°C/60%RH","0 months","92","92",%,CHAR,REPORT RESULTS,Pass,"TV-SPEC-16223, DS-SPE-24449",Cork_API-L,Cork_API-L
"01968265-dd3a-7ecf-97ba-98a42721ed68-0196c2a7-d511-77b6-b3f6-b14e477738f1-123-190103738651|INH|SPEC-00014195|19|<=|50|||<=50|ADO1 C19250870|PASS","0196c2a7-d511-77b6-b3f6-b14e477738f1","01968265-dd3a-7ecf-97ba-98a42721ed68",CypressTC3 – Streamer Test,"123",2025-05-14 00:00:00.000,"190103738651|INH|SPEC-00014195|19|<=|50|||<=50|ADO1 C19250870|PASS","944220","307511-BIO","90031478",ELISA,Residual Protein A,"5°C/25°C/60%RH","0 months",<10,<10,ng/mg protein,INH,<=50,Pass,"TV-SPEC-16223, DS-SPE-24449",Cork_API-L,Cork_API-L
"01968265-dd3a-7ecf-97ba-98a42721ed68-0196c2a7-d547-763f-bf9c-8e7eb05e812b-123-190102975221|GLO|SPEC-00014195|19|>=|5.2|<=|6.2|>=5.2 <=6.2||PASS","0196c2a7-d547-763f-bf9c-8e7eb05e812b","01968265-dd3a-7ecf-97ba-98a42721ed68",CypressTC3 – Streamer Test,"123",2025-05-14 00:00:00.000,"190102975221|GLO|SPEC-00014195|19|>=|5.2|<=|6.2|>=5.2 <=6.2||PASS","944220","307511-BIO","90031474",PH,pH,"5°C/25°C/60%RH","0 months","5.6","5.62",,GLO,>=5.2 <=6.2,Pass,"TV-SPEC-16223, DS-SPE-24449",Cork_API-L,Cork_API-L
"01968265-dd3a-7ecf-97ba-98a42721ed68-0196c2a7-de65-7237-b907-7dd27cf150e9-123-190102975245|GLO|SPEC-00014195|19|<=|5.0|||<=5.0|ADO1 C19250870|PASS","0196c2a7-de65-7237-b907-7dd27cf150e9","01968265-dd3a-7ecf-97ba-98a42721ed68",CypressTC3 – Streamer Test,"123",2025-05-14 00:00:00.000,"190102975245|GLO|SPEC-00014195|19|<=|5.0|||<=5.0|ADO1 C19250870|PASS","944220","307511-BIO","90031478",HI HPLC,Pre-peak,"5°C/25°C/60%RH","0 months",<1.0,"0.9177",%,GLO,<=5.0,Pass,"TV-SPEC-16223, DS-SPE-24449",Cork_API-L,Cork_API-L
"01968265-dd3a-7ecf-97ba-98a42721ed68-0196c2a7-e115-7472-a6e6-a3d18f055737-123-200114110055|CHAR|SPEC-00014195|23|>|-99999|||REPORT RESULTS||PASS","0196c2a7-e115-7472-a6e6-a3d18f055737","01968265-dd3a-7ecf-97ba-98a42721ed68",CypressTC3 – Streamer Test,"123",2025-05-14 00:00:00.000,"200114110055|CHAR|SPEC-00014195|23|>|-99999|||REPORT RESULTS||PASS","944220","307511-BIO","90041586",CIEF COMP,Sum of Acidic Peaks (sum of peaks 1-3),"5°C/25°C/60%RH","0 months","29","29.2135",%,CHAR,REPORT RESULTS,Pass,"TV-SPEC-16223, DS-SPE-24449",Cork_API-L,Cork_API-L
"01968265-dd3a-7ecf-97ba-98a42721ed68-0196c2a7-e20d-78a1-ac92-130579c85268-123-230164316424|GLO|SPEC-00014195|24|<=|10|||<=10||PASS","0196c2a7-e20d-78a1-ac92-130579c85268","01968265-dd3a-7ecf-97ba-98a42721ed68",CypressTC3 – Streamer Test,"123",2025-05-14 00:00:00.000,"230164316424|GLO|SPEC-00014195|24|<=|10|||<=10||PASS","944220","307511-BIO","90031473",BIOBURDEN,Bioburden,"5°C/25°C/60%RH","0 months","0","0",CFU/10mL,GLO,<=10,Pass,"TV-SPEC-16223, DS-SPE-24449",Cork_API-L,Cork_API-L
"01968265-dd3a-7ecf-97ba-98a42721ed68-0196c2a7-e60a-7740-9db6-9c9a26190a13-123-190102835227|GLO|SPEC-00013823|16|<=|1.00|||<=1.00||PASS","0196c2a7-e60a-7740-9db6-9c9a26190a13","01968265-dd3a-7ecf-97ba-98a42721ed68",CypressTC3 – Streamer Test,"123",2025-05-14 00:00:00.000,"190102835227|GLO|SPEC-00013823|16|<=|1.00|||<=1.00||PASS","944220","307511-BIO","19970932",IC TOC SAMPLE CV1,TOC (Swab),"5°C/25°C/60%RH","0 months","0.48","0.475",ppm,GLO,<=1.00,Pass,"TV-TEC-59102, TV-TEC-67340",Cork_API-L,Cork_API-L
"01968265-dd3a-7ecf-97ba-98a42721ed68-0196c2a7-e716-7217-85ee-c1490c719dcb-123-190102975713|CHAR|SPEC-00014195|23|>|-99999|||REPORT RESULTS||PASS","0196c2a7-e716-7217-85ee-c1490c719dcb","01968265-dd3a-7ecf-97ba-98a42721ed68",CypressTC3 – Streamer Test,"123",2025-05-14 00:00:00.000,"190102975713|CHAR|SPEC-00014195|23|>|-99999|||REPORT RESULTS||PASS","944220","307511-BIO","90031504",OLIGOSACCHARIDE MAP,Other Neutrals Non-Fucosylated,"5°C/25°C/60%RH","0 months","11.61","11.61",%,CHAR,REPORT RESULTS,Pass,"TV-SPEC-16223, DS-SPE-24449",Cork_API-L,Cork_API-L
"01968265-dd3a-7ecf-97ba-98a42721ed68-0196c2a7-f44d-776b-b977-afe18b466f41-123-190102536399|GLO|SPEC-00013823|15|<=|1.00|||<=1.00||PASS","0196c2a7-f44d-776b-b977-afe18b466f41","01968265-dd3a-7ecf-97ba-98a42721ed68",CypressTC3 – Streamer Test,"123",2025-05-14 00:00:00.000,"190102536399|GLO|SPEC-00013823|15|<=|1.00|||<=1.00||PASS","944220","307511-BIO","19970801",TOC,TOC (Rinse),"5°C/25°C/60%RH","0 months","0.11","0.1050",ppm,GLO,<=1.00,Pass,"TV-TEC-59102, TV-TEC-67340",Cork_API-L,Cork_API-L
"01968265-dd3a-7ecf-97ba-98a42721ed68-0196c2a7-f991-71ab-8d1a-d3464b764ed8-123-190102845441|GLO|SPEC-00013823|16|<=|1.00|||<=1.00||PASS","0196c2a7-f991-71ab-8d1a-d3464b764ed8","01968265-dd3a-7ecf-97ba-98a42721ed68",CypressTC3 – Streamer Test,"123",2025-05-14 00:00:00.000,"190102845441|GLO|SPEC-00013823|16|<=|1.00|||<=1.00||PASS","944220","307511-BIO","19970811",IC TOC SAMPLE CV1,TOC (Swab),"5°C/25°C/60%RH","0 months","0.33","0.333",ppm,GLO,<=1.00,Pass,"TV-TEC-59102, TV-TEC-67340",Cork_API-L,Cork_API-L
"01968265-dd3a-7ecf-97ba-98a42721ed68-0196c2a7-ffbd-733b-94cb-0cb54e17e21d-123-190102536403|GLO|SPEC-00013823|15|<=|1.00|||<=1.00||PASS","0196c2a7-ffbd-733b-94cb-0cb54e17e21d","01968265-dd3a-7ecf-97ba-98a42721ed68",CypressTC3 – Streamer Test,"123",2025-05-14 00:00:00.000,"190102536403|GLO|SPEC-00013823|15|<=|1.00|||<=1.00||PASS","944220","307511-BIO","19970803",TOC 1,TOC (Swab),"5°C/25°C/60%RH","0 months","0.30","0.3000",ppm,GLO,<=1.00,Pass,"TV-TEC-59102, TV-TEC-67340",Cork_API-L,Cork_API-L
"01968265-dd3a-7ecf-97ba-98a42721ed68-0196c2a8-0ccc-7e55-96c1-4d487039283d-123-190102845539|GLO|SPEC-00013823|16|<=|1.00|||<=1.00||PASS","0196c2a8-0ccc-7e55-96c1-4d487039283d","01968265-dd3a-7ecf-97ba-98a42721ed68",CypressTC3 – Streamer Test,"123",2025-05-14 00:00:00.000,"190102845539|GLO|SPEC-00013823|16|<=|1.00|||<=1.00||PASS","944220","307511-BIO","19970809",IC TOC SAMPLE CV,TOC (Rinse),"5°C/25°C/60%RH","0 months","0.24","0.241",ppm,GLO,<=1.00,Pass,"TV-TEC-59102, TV-TEC-67340",Cork_API-L,Cork_API-L
"01968265-dd3a-7ecf-97ba-98a42721ed68-0196c2a8-0d3c-7fe1-956d-898e1e2b0593-123-190102975719|CHAR|SPEC-00014195|23|>|-99999|||REPORT RESULTS||PASS","0196c2a8-0d3c-7fe1-956d-898e1e2b0593","01968265-dd3a-7ecf-97ba-98a42721ed68",CypressTC3 – Streamer Test,"123",2025-05-14 00:00:00.000,"190102975719|CHAR|SPEC-00014195|23|>|-99999|||REPORT RESULTS||PASS","944220","307511-BIO","90031504",OLIGOSACCHARIDE MAP,Total Neutral,"5°C/25°C/60%RH","0 months","100.00","100.00",%,CHAR,REPORT RESULTS,Pass,"TV-SPEC-16223, DS-SPE-24449",Cork_API-L,Cork_API-L
"01968265-dd3a-7ecf-97ba-98a42721ed68-0196c2a8-159c-7f34-bfc1-a96a928ec617-123-190102975703|CHAR|SPEC-00014195|23|Not In|-99999|||REPORT RESULTS||PASS","0196c2a8-159c-7f34-bfc1-a96a928ec617","01968265-dd3a-7ecf-97ba-98a42721ed68",CypressTC3 – Streamer Test,"123",2025-05-14 00:00:00.000,"190102975703|CHAR|SPEC-00014195|23|Not In|-99999|||REPORT RESULTS||PASS","944220","307511-BIO","90031504",SUBUNIT LCMS,Subunit Analysis,"5°C/25°C/60%RH","0 months",CNTO 4424-n001-03680,CNTO 4424-n001-03680,,CHAR,REPORT RESULTS,Pass,"TV-SPEC-16223, DS-SPE-24449",Cork_API-L,Cork_API-L
"01968265-dd3a-7ecf-97ba-98a42721ed68-0196c2a8-1d72-759d-983c-33b11bdbd3e4-123-190102975237|GLO|SPEC-00014195|19|>=|95.0|||>=95.0|ADO1 C19250870|PASS","0196c2a8-1d72-759d-983c-33b11bdbd3e4","01968265-dd3a-7ecf-97ba-98a42721ed68",CypressTC3 – Streamer Test,"123",2025-05-14 00:00:00.000,"190102975237|GLO|SPEC-00014195|19|>=|95.0|||>=95.0|ADO1 C19250870|PASS","944220","307511-BIO","90031478",SE-HPLC,Main Peak,"5°C/25°C/60%RH","0 months","99.5","99.5092",%,GLO,>=95.0,Pass,"TV-SPEC-16223, DS-SPE-24449",Cork_API-L,Cork_API-L
"01968265-dd3a-7ecf-97ba-98a42721ed68-0196c2a8-229b-7279-928d-97c93d871ddc-123-190102835347|GLO|SPEC-00013823|16|<=|1.00|||<=1.00||PASS","0196c2a8-229b-7279-928d-97c93d871ddc","01968265-dd3a-7ecf-97ba-98a42721ed68",CypressTC3 – Streamer Test,"123",2025-05-14 00:00:00.000,"190102835347|GLO|SPEC-00013823|16|<=|1.00|||<=1.00||PASS","944220","307511-BIO","19970931",IC TOC SAMPLE CV1,TOC (Swab),"5°C/25°C/60%RH","0 months","0.42","0.417",ppm,GLO,<=1.00,Pass,"TV-TEC-59102, TV-TEC-67340",Cork_API-L,Cork_API-L
"01968265-dd3a-7ecf-97ba-98a42721ed68-0196c2a8-29d4-7fa5-8cea-626f89f04069-123-190102835597|GLO|SPEC-00013823|16|<=|1.00|||<=1.00||PASS","0196c2a8-29d4-7fa5-8cea-626f89f04069","01968265-dd3a-7ecf-97ba-98a42721ed68",CypressTC3 – Streamer Test,"123",2025-05-14 00:00:00.000,"190102835597|GLO|SPEC-00013823|16|<=|1.00|||<=1.00||PASS","944220","307511-BIO","19970925",IC TOC SAMPLE CV1,TOC (Swab),"5°C/25°C/60%RH","0 months","0.30","0.296",ppm,GLO,<=1.00,Pass,"TV-TEC-59102, TV-TEC-67340",Cork_API-L,Cork_API-L
"01968265-dd3a-7ecf-97ba-98a42721ed68-0196c2a8-2dc0-7d1c-b03b-f6378f31e571-123-190102975215|GLO|SPEC-00014195|19|In|<= B2;<= B3;<= B4;<= B5;<= B6;<= B7;<= B8;<= B9;COLORLESS|||COLORLESS TO <= B2||PASS","0196c2a8-2dc0-7d1c-b03b-f6378f31e571","01968265-dd3a-7ecf-97ba-98a42721ed68",CypressTC3 – Streamer Test,"123",2025-05-14 00:00:00.000,"190102975215|GLO|SPEC-00014195|19|In|<= B2;<= B3;<= B4;<= B5;<= B6;<= B7;<= B8;<= B9;COLORLESS|||COLORLESS TO <= B2||PASS","944220","307511-BIO","90031474",COLOUR SOLUTION,Brown Series (Standard B),"5°C/25°C/60%RH","0 months",<= B9,<= B9,,GLO,COLORLESS TO <= B2,Pass,"TV-SPEC-16223, DS-SPE-24449",Cork_API-L,Cork_API-L
"01968265-dd3a-7ecf-97ba-98a42721ed68-0196c2a8-2ecd-7fd7-b298-f087693b0e48-123-190102844473|GLO|SPEC-00013823|16|<=|1.00|||<=1.00||PASS","0196c2a8-2ecd-7fd7-b298-f087693b0e48","01968265-dd3a-7ecf-97ba-98a42721ed68",CypressTC3 – Streamer Test,"123",2025-05-14 00:00:00.000,"190102844473|GLO|SPEC-00013823|16|<=|1.00|||<=1.00||PASS","944220","307511-BIO","19970831",IC TOC SAMPLE CV1,TOC (Swab),"5°C/25°C/60%RH","0 months","0.45","0.45",ppm,GLO,<=1.00,Pass,"TV-TEC-59102, TV-TEC-67340",Cork_API-L,Cork_API-L
"01968265-dd3a-7ecf-97ba-98a42721ed68-0196c2a8-3672-7186-b97b-380249ff07c4-123-190102975217|GLO|SPEC-00014195|24|In|<= BY2;<= BY3;<= BY4;<= BY5;<= BY6;<= BY7;COLORLESS|||COLORLESS TO ≤ BY2||PASS","0196c2a8-3672-7186-b97b-380249ff07c4","01968265-dd3a-7ecf-97ba-98a42721ed68",CypressTC3 – Streamer Test,"123",2025-05-14 00:00:00.000,"190102975217|GLO|SPEC-00014195|24|In|<= BY2;<= BY3;<= BY4;<= BY5;<= BY6;<= BY7;COLORLESS|||COLORLESS TO ≤ BY2||PASS","944220","307511-BIO","90031474",COLOUR SOLUTION,Brown-Yellow Series (Standard BY),"5°C/25°C/60%RH","0 months",<= BY7,<= BY7,,GLO,COLORLESS TO ≤ BY2,Pass,"TV-SPEC-16223, DS-SPE-24449",Cork_API-L,Cork_API-L
"01968265-dd3a-7ecf-97ba-98a42721ed68-0196c2a8-4239-794b-a9e2-7d3c865aebdf-123-190102845299|GLO|SPEC-00013823|16|<=|1.00|||<=1.00||PASS","0196c2a8-4239-794b-a9e2-7d3c865aebdf","01968265-dd3a-7ecf-97ba-98a42721ed68",CypressTC3 – Streamer Test,"123",2025-05-14 00:00:00.000,"190102845299|GLO|SPEC-00013823|16|<=|1.00|||<=1.00||PASS","944220","307511-BIO","19970813",IC TOC SAMPLE CV1,TOC (Swab),"5°C/25°C/60%RH","0 months","0.32","0.324",ppm,GLO,<=1.00,Pass,"TV-TEC-59102, TV-TEC-67340",Cork_API-L,Cork_API-L
"01968265-dd3a-7ecf-97ba-98a42721ed68-0196c2a8-431c-7c93-898e-13e92877e97b-123-190102975251|GLO|SPEC-00014195|24|>=|60|<=|140|60-140% ACTIVITY RELATIVE TO REFERENCE MATERIAL|ADO1 C19250870|PASS","0196c2a8-431c-7c93-898e-13e92877e97b","01968265-dd3a-7ecf-97ba-98a42721ed68",CypressTC3 – Streamer Test,"123",2025-05-14 00:00:00.000,"190102975251|GLO|SPEC-00014195|24|>=|60|<=|140|60-140% ACTIVITY RELATIVE TO REFERENCE MATERIAL|ADO1 C19250870|PASS","944220","307511-BIO","90031478",BIOASSAY,EGFR Binding,"5°C/25°C/60%RH","0 months","104","104",%,GLO,"60-140% ACTIVITY RELATIVE TO REFERENCE MATERIAL",Pass,"TV-SPEC-16223, DS-SPE-24449",Cork_API-L,Cork_API-L
"01968265-dd3a-7ecf-97ba-98a42721ed68-0196c2a8-591c-7bd6-a18d-ce01db382871-123-190102975705|CHAR|SPEC-00014195|23|>|-99999|||REPORT RESULTS||PASS","0196c2a8-591c-7bd6-a18d-ce01db382871","01968265-dd3a-7ecf-97ba-98a42721ed68",CypressTC3 – Streamer Test,"123",2025-05-14 00:00:00.000,"190102975705|CHAR|SPEC-00014195|23|>|-99999|||REPORT RESULTS||PASS","944220","307511-BIO","90031504",OLIGOSACCHARIDE MAP,G0,"5°C/25°C/60%RH","0 months","70.62","70.62",%,CHAR,REPORT RESULTS,Pass,"TV-SPEC-16223, DS-SPE-24449",Cork_API-L,Cork_API-L
"01968265-dd3a-7ecf-97ba-98a42721ed68-0196c2a8-608b-75dc-9297-e1f4d8e82f61-123-230164316436|INH|SPEC-00014195|24|=|1|||>=1 <=1||","0196c2a8-608b-75dc-9297-e1f4d8e82f61","01968265-dd3a-7ecf-97ba-98a42721ed68",CypressTC3 – Streamer Test,"123",2025-05-14 00:00:00.000,"230164316436|INH|SPEC-00014195|24|=|1|||>=1 <=1||","944220","307511-BIO","90031473",IC ENDTOX SAMPLE,Status assay SST,"5°C/25°C/60%RH","0 months",,,,INH,>=1 <=1,Pass,"TV-SPEC-16223, DS-SPE-24449",Cork_API-L,Cork_API-L
"01968265-dd3a-7ecf-97ba-98a42721ed68-0196c2a8-6523-7803-9ad7-0140d79494bd-123-190102975215|GLO|SPEC-00014195|24|In|<= B2;<= B3;<= B4;<= B5;<= B6;<= B7;<= B8;<= B9;COLORLESS|||COLORLESS TO ≤ B2||PASS","0196c2a8-6523-7803-9ad7-0140d79494bd","01968265-dd3a-7ecf-97ba-98a42721ed68",CypressTC3 – Streamer Test,"123",2025-05-14 00:00:00.000,"190102975215|GLO|SPEC-00014195|24|In|<= B2;<= B3;<= B4;<= B5;<= B6;<= B7;<= B8;<= B9;COLORLESS|||COLORLESS TO ≤ B2||PASS","944220","307511-BIO","90031474",COLOUR SOLUTION,Brown Series (Standard B),"5°C/25°C/60%RH","0 months",<= B9,<= B9,,GLO,COLORLESS TO ≤ B2,Pass,"TV-SPEC-16223, DS-SPE-24449",Cork_API-L,Cork_API-L
"01968265-dd3a-7ecf-97ba-98a42721ed68-0196c2a8-6941-7117-b1c2-c7fd96bdae98-123-190102835155|GLO|SPEC-00013823|16|<=|1.00|||<=1.00||PASS","0196c2a8-6941-7117-b1c2-c7fd96bdae98","01968265-dd3a-7ecf-97ba-98a42721ed68",CypressTC3 – Streamer Test,"123",2025-05-14 00:00:00.000,"190102835155|GLO|SPEC-00013823|16|<=|1.00|||<=1.00||PASS","944220","307511-BIO","19970934",IC TOC SAMPLE CV1,TOC (Swab),"5°C/25°C/60%RH","0 months","0.36","0.36",ppm,GLO,<=1.00,Pass,"TV-TEC-59102, TV-TEC-67340",Cork_API-L,Cork_API-L
"01968265-dd3a-7ecf-97ba-98a42721ed68-0196c2a8-6a0f-7f41-9223-858e04479206-123-230164316430|INH|SPEC-00014195|24|<|10.50|||<=10%||","0196c2a8-6a0f-7f41-9223-858e04479206","01968265-dd3a-7ecf-97ba-98a42721ed68",CypressTC3 – Streamer Test,"123",2025-05-14 00:00:00.000,"230164316430|INH|SPEC-00014195|24|<|10.50|||<=10%||","944220","307511-BIO","90031473",IC ENDTOX SAMPLE,Additional Calc CV,"5°C/25°C/60%RH","0 months",,,%,INH,<=10%,Pass,"TV-SPEC-16223, DS-SPE-24449",Cork_API-L,Cork_API-L
"01968265-dd3a-7ecf-97ba-98a42721ed68-0196c2a8-6bfc-7d99-9400-f120311bde60-123-190102975301|GLO|SPEC-00014195|24|<=|8.0|||<=8.0|ADO1 C19250870|PASS","0196c2a8-6bfc-7d99-9400-f120311bde60","01968265-dd3a-7ecf-97ba-98a42721ed68",CypressTC3 – Streamer Test,"123",2025-05-14 00:00:00.000,"190102975301|GLO|SPEC-00014195|24|<=|8.0|||<=8.0|ADO1 C19250870|PASS","944220","307511-BIO","90031478",CSDS REDUCED 1,AG HC,"5°C/25°C/60%RH","0 months","3.6","3.593",%,GLO,<=8.0,Pass,"TV-SPEC-16223, DS-SPE-24449",Cork_API-L,Cork_API-L
"01968265-dd3a-7ecf-97ba-98a42721ed68-0196c2a8-6da9-76d0-a18c-50069fafaa8d-123-190102975715|CHAR|SPEC-00014195|23|>|-99999|||REPORT RESULTS||PASS","0196c2a8-6da9-76d0-a18c-50069fafaa8d","01968265-dd3a-7ecf-97ba-98a42721ed68",CypressTC3 – Streamer Test,"123",2025-05-14 00:00:00.000,"190102975715|CHAR|SPEC-00014195|23|>|-99999|||REPORT RESULTS||PASS","944220","307511-BIO","90031504",OLIGOSACCHARIDE MAP,Total Fucosylated,"5°C/25°C/60%RH","0 months","9.79","9.79",%,CHAR,REPORT RESULTS,Pass,"TV-SPEC-16223, DS-SPE-24449",Cork_API-L,Cork_API-L
"01968265-dd3a-7ecf-97ba-98a42721ed68-0196c2a8-6f9c-7c0d-96ff-998745989a42-123-190102536405|GLO|SPEC-00013823|15|<=|1.00|||<=1.00||PASS","0196c2a8-6f9c-7c0d-96ff-998745989a42","01968265-dd3a-7ecf-97ba-98a42721ed68",CypressTC3 – Streamer Test,"123",2025-05-14 00:00:00.000,"190102536405|GLO|SPEC-00013823|15|<=|1.00|||<=1.00||PASS","944220","307511-BIO","19970804",TOC 1,TOC (Swab),"5°C/25°C/60%RH","0 months","0.38","0.3770",ppm,GLO,<=1.00,Pass,"TV-TEC-59102, TV-TEC-67340",Cork_API-L,Cork_API-L
"01968265-dd3a-7ecf-97ba-98a42721ed68-0196c2a8-70ea-71d1-8bc2-dfe50814695a-123-190102975229|GLO|SPEC-00014195|24|<=|5|||<=5|ADO1 C19250870|PASS","0196c2a8-70ea-71d1-8bc2-dfe50814695a","01968265-dd3a-7ecf-97ba-98a42721ed68",CypressTC3 – Streamer Test,"123",2025-05-14 00:00:00.000,"190102975229|GLO|SPEC-00014195|24|<=|5|||<=5|ADO1 C19250870|PASS","944220","307511-BIO","90031478",DNA,Residual DNA,"5°C/25°C/60%RH","0 months",<2,<2,pg/mg protein,GLO,<=5,Pass,"TV-SPEC-16223, DS-SPE-24449",Cork_API-L,Cork_API-L
"01968265-dd3a-7ecf-97ba-98a42721ed68-0196c2a8-7b8f-77b9-83e0-408b6e64792b-123-190102975255|GLO|SPEC-00014195|24|>=|60|<=|140|60-140% ACTIVITY RELATIVE TO REFERENCE MATERIAL|ADO1 C19250870|PASS","0196c2a8-7b8f-77b9-83e0-408b6e64792b","01968265-dd3a-7ecf-97ba-98a42721ed68",CypressTC3 – Streamer Test,"123",2025-05-14 00:00:00.000,"190102975255|GLO|SPEC-00014195|24|>=|60|<=|140|60-140% ACTIVITY RELATIVE TO REFERENCE MATERIAL|ADO1 C19250870|PASS","944220","307511-BIO","90031478",BIOASSAY 1,cMET Binding,"5°C/25°C/60%RH","0 months","90","90",%,GLO,"60-140% ACTIVITY RELATIVE TO REFERENCE MATERIAL",Pass,"TV-SPEC-16223, DS-SPE-24449",Cork_API-L,Cork_API-L
"01968265-dd3a-7ecf-97ba-98a42721ed68-0196c2a8-7e5f-728a-9362-ef16c8bcd367-123-190104001723|GLO|SPEC-00014195|24|In|IDENTITY CONFIRMED AS CNTO 4424|||IDENTITY CONFIRMED AS CNTO 4424|ADO1 C19250870|PASS","0196c2a8-7e5f-728a-9362-ef16c8bcd367","01968265-dd3a-7ecf-97ba-98a42721ed68",CypressTC3 – Streamer Test,"123",2025-05-14 00:00:00.000,"190104001723|GLO|SPEC-00014195|24|In|IDENTITY CONFIRMED AS CNTO 4424|||IDENTITY CONFIRMED AS CNTO 4424|ADO1 C19250870|PASS","944220","307511-BIO","90031478",DOT BLOT IDENTITY,Dot Blot,"5°C/25°C/60%RH","0 months",Identity confirmed as CNTO 4424,Identity confirmed as CNTO 4424,,GLO,IDENTITY CONFIRMED AS CNTO 4424,Pass,"TV-SPEC-16223, DS-SPE-24449",Cork_API-L,Cork_API-L
"01968265-dd3a-7ecf-97ba-98a42721ed68-0196c2a8-86c7-790e-b25f-825bd76233db-123-190102835565|GLO|SPEC-00013823|16|<=|1.00|||<=1.00||PASS","0196c2a8-86c7-790e-b25f-825bd76233db","01968265-dd3a-7ecf-97ba-98a42721ed68",CypressTC3 – Streamer Test,"123",2025-05-14 00:00:00.000,"190102835565|GLO|SPEC-00013823|16|<=|1.00|||<=1.00||PASS","944220","307511-BIO","19970927",IC TOC SAMPLE CV1,TOC (Swab),"5°C/25°C/60%RH","0 months","0.25","0.247",ppm,GLO,<=1.00,Pass,"TV-TEC-59102, TV-TEC-67340",Cork_API-L,Cork_API-L
"01968265-dd3a-7ecf-97ba-98a42721ed68-0196c2a8-8887-79af-95b8-ddb1378fff6c-123-190102975281|GLO|SPEC-00014195|19|<=|10|||<=10|ADO1 C19250870|PASS","0196c2a8-8887-79af-95b8-ddb1378fff6c","01968265-dd3a-7ecf-97ba-98a42721ed68",CypressTC3 – Streamer Test,"123",2025-05-14 00:00:00.000,"190102975281|GLO|SPEC-00014195|19|<=|10|||<=10|ADO1 C19250870|PASS","944220","307511-BIO","90031478",CIEF,Sum of Basic Peaks,"5°C/25°C/60%RH","0 months","3","3.02",%,GLO,<=10,Pass,"TV-SPEC-16223, DS-SPE-24449",Cork_API-L,Cork_API-L
"01968265-dd3a-7ecf-97ba-98a42721ed68-0196c2a8-a701-7c4b-9c47-a03e36a826d1-123-190103738651|INH|SPEC-00014195|24|<=|50|||<=50|ADO1 C19250870|PASS","0196c2a8-a701-7c4b-9c47-a03e36a826d1","01968265-dd3a-7ecf-97ba-98a42721ed68",CypressTC3 – Streamer Test,"123",2025-05-14 00:00:00.000,"190103738651|INH|SPEC-00014195|24|<=|50|||<=50|ADO1 C19250870|PASS","944220","307511-BIO","90031478",ELISA,Residual Protein A,"5°C/25°C/60%RH","0 months",<10,<10,ng/mg protein,INH,<=50,Pass,"TV-SPEC-16223, DS-SPE-24449",Cork_API-L,Cork_API-L
"01968265-dd3a-7ecf-97ba-98a42721ed68-0196c2a8-a783-7ced-92a7-88c6cafb6648-123-190102975215|GLO|SPEC-00014195|24|In|<= B2;<= B3;<= B4;<= B5;<= B6;<= B7;<= B8;<= B9;COLORLESS|||COLORLESS TO <= B2||PASS","0196c2a8-a783-7ced-92a7-88c6cafb6648","01968265-dd3a-7ecf-97ba-98a42721ed68",CypressTC3 – Streamer Test,"123",2025-05-14 00:00:00.000,"190102975215|GLO|SPEC-00014195|24|In|<= B2;<= B3;<= B4;<= B5;<= B6;<= B7;<= B8;<= B9;COLORLESS|||COLORLESS TO <= B2||PASS","944220","307511-BIO","90031474",COLOUR SOLUTION,Brown Series (Standard B),"5°C/25°C/60%RH","0 months",<= B9,<= B9,,GLO,COLORLESS TO <= B2,Pass,"TV-SPEC-16223, DS-SPE-24449",Cork_API-L,Cork_API-L
"01968265-dd3a-7ecf-97ba-98a42721ed68-0196c2a8-b077-7e41-9abf-42c1cf62fe10-123-190102536401|GLO|SPEC-00013823|15|<=|1.00|||<=1.00||PASS","0196c2a8-b077-7e41-9abf-42c1cf62fe10","01968265-dd3a-7ecf-97ba-98a42721ed68",CypressTC3 – Streamer Test,"123",2025-05-14 00:00:00.000,"190102536401|GLO|SPEC-00013823|15|<=|1.00|||<=1.00||PASS","944220","307511-BIO","19970802",TOC 1,TOC (Swab),"5°C/25°C/60%RH","0 months","0.43","0.4250",ppm,GLO,<=1.00,Pass,"TV-TEC-59102, TV-TEC-67340",Cork_API-L,Cork_API-L
"01968265-dd3a-7ecf-97ba-98a42721ed68-0196c2a8-b123-7a53-b8f2-ab4db21b4a4e-123-190102975273|GLO|SPEC-00014195|19|>=|45|||>=45|ADO1 C19250870|PASS","0196c2a8-b123-7a53-b8f2-ab4db21b4a4e","01968265-dd3a-7ecf-97ba-98a42721ed68",CypressTC3 – Streamer Test,"123",2025-05-14 00:00:00.000,"190102975273|GLO|SPEC-00014195|19|>=|45|||>=45|ADO1 C19250870|PASS","944220","307511-BIO","90031478",CIEF,Main Peak,"5°C/25°C/60%RH","0 months","63","63.42",%,GLO,>=45,Pass,"TV-SPEC-16223, DS-SPE-24449",Cork_API-L,Cork_API-L
"01968265-dd3a-7ecf-97ba-98a42721ed68-0196c2a8-bac6-754b-bf1d-dbc8137a00a6-123-190102975239|GLO|SPEC-00014195|19|<=|5.0|||<=5.0|ADO1 C19250870|PASS","0196c2a8-bac6-754b-bf1d-dbc8137a00a6","01968265-dd3a-7ecf-97ba-98a42721ed68",CypressTC3 – Streamer Test,"123",2025-05-14 00:00:00.000,"190102975239|GLO|SPEC-00014195|19|<=|5.0|||<=5.0|ADO1 C19250870|PASS","944220","307511-BIO","90031478",SE-HPLC,% Total HMWS,"5°C/25°C/60%RH","0 months","0.4","0.4027",%,GLO,<=5.0,Pass,"TV-SPEC-16223, DS-SPE-24449",Cork_API-L,Cork_API-L
"01968265-dd3a-7ecf-97ba-98a42721ed68-0196c2a8-c0f2-70cb-9a52-22d47d69f965-123-190102975261|GLO|SPEC-00014195|19|In|NO NEW PEAK > 1.0% COMPARED TO REFERENCE MATERIAL|||NO NEW PEAK >1.0% COMPARED TO REFERENCE MATERIAL|ADO1 C19250870|PASS","0196c2a8-c0f2-70cb-9a52-22d47d69f965","01968265-dd3a-7ecf-97ba-98a42721ed68",CypressTC3 – Streamer Test,"123",2025-05-14 00:00:00.000,"190102975261|GLO|SPEC-00014195|19|In|NO NEW PEAK > 1.0% COMPARED TO REFERENCE MATERIAL|||NO NEW PEAK >1.0% COMPARED TO REFERENCE MATERIAL|ADO1 C19250870|PASS","944220","307511-BIO","90031478",CSDS NON REDUCED,New peaks,"5°C/25°C/60%RH","0 months",No new peak > 1.0% compared to Reference Material,No new peak > 1.0% compared to Reference Material,,GLO,NO NEW PEAK >1.0% COMPARED TO REFERENCE MATERIAL,Pass,"TV-SPEC-16223, DS-SPE-24449",Cork_API-L,Cork_API-L
"01968265-dd3a-7ecf-97ba-98a42721ed68-0196c2a8-c114-7fb8-a765-98e9825db17c-123-190103738653|GLO|SPEC-00014195|19|Not In|-99999|||<= 50 NG/MG PROTEIN|ADO1 C19250870|PASS","0196c2a8-c114-7fb8-a765-98e9825db17c","01968265-dd3a-7ecf-97ba-98a42721ed68",CypressTC3 – Streamer Test,"123",2025-05-14 00:00:00.000,"190103738653|GLO|SPEC-00014195|19|Not In|-99999|||<= 50 NG/MG PROTEIN|ADO1 C19250870|PASS","944220","307511-BIO","90031478",ELISA,Residual Protein A,"5°C/25°C/60%RH","0 months",<10,<10,ng/mg protein,GLO,<= 50 NG/MG PROTEIN,Pass,"TV-SPEC-16223, DS-SPE-24449",Cork_API-L,Cork_API-L
"01968265-dd3a-7ecf-97ba-98a42721ed68-0196c2a8-c5d4-724b-87e1-843c51d20bd2-123-190102975691|CHAR|SPEC-00014195|23|Not In|-99999|||REPORT RESULTS||PASS","0196c2a8-c5d4-724b-87e1-843c51d20bd2","01968265-dd3a-7ecf-97ba-98a42721ed68",CypressTC3 – Streamer Test,"123",2025-05-14 00:00:00.000,"190102975691|CHAR|SPEC-00014195|23|Not In|-99999|||REPORT RESULTS||PASS","944220","307511-BIO","90031504",PEPTIDE MAPPING,Peptide Map,"5°C/25°C/60%RH","0 months",CNTO 4424-n001-03773,CNTO 4424-n001-03773,,CHAR,REPORT RESULTS,Pass,"TV-SPEC-16223, DS-SPE-24449",Cork_API-L,Cork_API-L
"01968265-dd3a-7ecf-97ba-98a42721ed68-0196c2a8-c90e-7167-b1d8-32b055c84890-123-190102835401|GLO|SPEC-00013823|16|<=|1.00|||<=1.00||PASS","0196c2a8-c90e-7167-b1d8-32b055c84890","01968265-dd3a-7ecf-97ba-98a42721ed68",CypressTC3 – Streamer Test,"123",2025-05-14 00:00:00.000,"190102835401|GLO|SPEC-00013823|16|<=|1.00|||<=1.00||PASS","944220","307511-BIO","19970930",IC TOC SAMPLE CV,TOC (Rinse),"5°C/25°C/60%RH","0 months","0.20","0.199",ppm,GLO,<=1.00,Pass,"TV-TEC-59102, TV-TEC-67340",Cork_API-L,Cork_API-L
"01968265-dd3a-7ecf-97ba-98a42721ed68-0196c2a8-c94c-7fb5-b327-66baeda14998-123-190102975295|GLO|SPEC-00014195|19|>=|45.0|<=|55.0|>=45.0 <=55.0|ADO1 C19250870|PASS","0196c2a8-c94c-7fb5-b327-66baeda14998","01968265-dd3a-7ecf-97ba-98a42721ed68",CypressTC3 – Streamer Test,"123",2025-05-14 00:00:00.000,"190102975295|GLO|SPEC-00014195|19|>=|45.0|<=|55.0|>=45.0 <=55.0|ADO1 C19250870|PASS","944220","307511-BIO","90031478",OD280 C 1,Protein Concentration by A280,"5°C/25°C/60%RH","0 months","50.4","50.35714285714",mg/mL,GLO,>=45.0 <=55.0,Pass,"TV-SPEC-16223, DS-SPE-24449",Cork_API-L,Cork_API-L
"01968265-dd3a-7ecf-97ba-98a42721ed68-0196c2a8-ca47-7066-b608-9c999795f985-123-190102975225|INH|SPEC-00014195|19|<=|100|||<=100||PASS","0196c2a8-ca47-7066-b608-9c999795f985","01968265-dd3a-7ecf-97ba-98a42721ed68",CypressTC3 – Streamer Test,"123",2025-05-14 00:00:00.000,"190102975225|INH|SPEC-00014195|19|<=|100|||<=100||PASS","944220","307511-BIO","90031475",HOST CELL PROTEIN,Residual HCP,"5°C/25°C/60%RH","0 months",<1,<1,ng/mg protein,INH,<=100,Pass,"TV-SPEC-16223, DS-SPE-24449",Cork_API-L,Cork_API-L
"01968265-dd3a-7ecf-97ba-98a42721ed68-0196c2a8-d94d-79ab-b6d8-23d7b47fd89f-123-190102975227|GLO|SPEC-00014195|19|Not In|-99999|||<= 100 NG/MG PROTEIN||PASS","0196c2a8-d94d-79ab-b6d8-23d7b47fd89f","01968265-dd3a-7ecf-97ba-98a42721ed68",CypressTC3 – Streamer Test,"123",2025-05-14 00:00:00.000,"190102975227|GLO|SPEC-00014195|19|Not In|-99999|||<= 100 NG/MG PROTEIN||PASS","944220","307511-BIO","90031475",HOST CELL PROTEIN,Residual HCP,"5°C/25°C/60%RH","0 months",<1,<1,ng/mg protein,GLO,<= 100 NG/MG PROTEIN,Pass,"TV-SPEC-16223, DS-SPE-24449",Cork_API-L,Cork_API-L
"01968265-dd3a-7ecf-97ba-98a42721ed68-0196c2a8-de44-7c00-a799-00593ded61cf-123-190102844229|GLO|SPEC-00013823|16|<=|1.00|||<=1.00||PASS","0196c2a8-de44-7c00-a799-00593ded61cf","01968265-dd3a-7ecf-97ba-98a42721ed68",CypressTC3 – Streamer Test,"123",2025-05-14 00:00:00.000,"190102844229|GLO|SPEC-00013823|16|<=|1.00|||<=1.00||PASS","944220","307511-BIO","19970833",IC TOC SAMPLE CV1,TOC (Swab),"5°C/25°C/60%RH","0 months","0.19","0.191",ppm,GLO,<=1.00,Pass,"TV-TEC-59102, TV-TEC-67340",Cork_API-L,Cork_API-L
"01968265-dd3a-7ecf-97ba-98a42721ed68-0196c2a8-dedb-7010-ad28-943a227f8516-123-190102975717|CHAR|SPEC-00014195|23|>|-99999|||REPORT RESULTS||PASS","0196c2a8-dedb-7010-ad28-943a227f8516","01968265-dd3a-7ecf-97ba-98a42721ed68",CypressTC3 – Streamer Test,"123",2025-05-14 00:00:00.000,"190102975717|CHAR|SPEC-00014195|23|>|-99999|||REPORT RESULTS||PASS","944220","307511-BIO","90031504",OLIGOSACCHARIDE MAP,Total Non-Fucosylated,"5°C/25°C/60%RH","0 months","90.21","90.21",%,CHAR,REPORT RESULTS,Pass,"TV-SPEC-16223, DS-SPE-24449",Cork_API-L,Cork_API-L
"01968265-dd3a-7ecf-97ba-98a42721ed68-0196c2a8-e5e4-7d23-83f3-6a5567f3f307-123-190102975219|GLO|SPEC-00014195|19|In|<=Y2;<=Y3;<=Y4;<=Y5;<=Y6;<=Y7;COLORLESS|||COLORLESS TO <= Y2||PASS","0196c2a8-e5e4-7d23-83f3-6a5567f3f307","01968265-dd3a-7ecf-97ba-98a42721ed68",CypressTC3 – Streamer Test,"123",2025-05-14 00:00:00.000,"190102975219|GLO|SPEC-00014195|19|In|<=Y2;<=Y3;<=Y4;<=Y5;<=Y6;<=Y7;COLORLESS|||COLORLESS TO <= Y2||PASS","944220","307511-BIO","90031474",COLOUR SOLUTION,Yellow Series (Standard Y),"5°C/25°C/60%RH","0 months",<=Y7,<=Y7,,GLO,COLORLESS TO <= Y2,Pass,"TV-SPEC-16223, DS-SPE-24449",Cork_API-L,Cork_API-L
"01968265-dd3a-7ecf-97ba-98a42721ed68-0196c2a8-eb20-73a5-91c6-231f16ca1be8-123-190102975711|CHAR|SPEC-00014195|23|>|-99999|||REPORT RESULTS||PASS","0196c2a8-eb20-73a5-91c6-231f16ca1be8","01968265-dd3a-7ecf-97ba-98a42721ed68",CypressTC3 – Streamer Test,"123",2025-05-14 00:00:00.000,"190102975711|CHAR|SPEC-00014195|23|>|-99999|||REPORT RESULTS||PASS","944220","307511-BIO","90031504",OLIGOSACCHARIDE MAP,High Mannose,"5°C/25°C/60%RH","0 months","1.07","1.07",%,CHAR,REPORT RESULTS,Pass,"TV-SPEC-16223, DS-SPE-24449",Cork_API-L,Cork_API-L
"01968265-dd3a-7ecf-97ba-98a42721ed68-0196c2a8-ec9d-7663-bd77-2b870c1de22c-123-190102845213|GLO|SPEC-00013823|16|<=|1.00|||<=1.00||PASS","0196c2a8-ec9d-7663-bd77-2b870c1de22c","01968265-dd3a-7ecf-97ba-98a42721ed68",CypressTC3 – Streamer Test,"123",2025-05-14 00:00:00.000,"190102845213|GLO|SPEC-00013823|16|<=|1.00|||<=1.00||PASS","944220","307511-BIO","19970815",IC TOC SAMPLE CV1,TOC (Swab),"5°C/25°C/60%RH","0 months","0.11","0.114",ppm,GLO,<=1.00,Pass,"TV-TEC-59102, TV-TEC-67340",Cork_API-L,Cork_API-L
"01968265-dd3a-7ecf-97ba-98a42721ed68-0196c2a8-f124-7a34-9646-5537f0f212e2-123-190102844627|GLO|SPEC-00013823|16|<=|1.00|||<=1.00||PASS","0196c2a8-f124-7a34-9646-5537f0f212e2","01968265-dd3a-7ecf-97ba-98a42721ed68",CypressTC3 – Streamer Test,"123",2025-05-14 00:00:00.000,"190102844627|GLO|SPEC-00013823|16|<=|1.00|||<=1.00||PASS","944220","307511-BIO","19970829",IC TOC SAMPLE CV1,TOC (Swab),"5°C/25°C/60%RH","0 months","0.43","0.43",ppm,GLO,<=1.00,Pass,"TV-TEC-59102, TV-TEC-67340",Cork_API-L,Cork_API-L
"01968265-dd3a-7ecf-97ba-98a42721ed68-0196c2a8-f29e-7304-b492-f34d1fd282f4-123-190102975305|GLO|SPEC-00014195|19|In|NO NEW PEAK >1.0% COMPARED TO REFERENCE MATERIAL|||NO NEW PEAK >1.0% COMPARED TO REFERENCE MATERIAL|ADO1 C19250870|PASS","0196c2a8-f29e-7304-b492-f34d1fd282f4","01968265-dd3a-7ecf-97ba-98a42721ed68",CypressTC3 – Streamer Test,"123",2025-05-14 00:00:00.000,"190102975305|GLO|SPEC-00014195|19|In|NO NEW PEAK >1.0% COMPARED TO REFERENCE MATERIAL|||NO NEW PEAK >1.0% COMPARED TO REFERENCE MATERIAL|ADO1 C19250870|PASS","944220","307511-BIO","90031478",CSDS REDUCED 1,New Peak,"5°C/25°C/60%RH","0 months",No new peak >1.0% compared to Reference Material,No new peak >1.0% compared to Reference Material,,GLO,NO NEW PEAK >1.0% COMPARED TO REFERENCE MATERIAL,Pass,"TV-SPEC-16223, DS-SPE-24449",Cork_API-L,Cork_API-L
"01968265-dd3a-7ecf-97ba-98a42721ed68-0196c2a8-f842-7a2d-a92b-944df9d78f90-123-190102835199|GLO|SPEC-00013823|16|<=|1.00|||<=1.00||PASS","0196c2a8-f842-7a2d-a92b-944df9d78f90","01968265-dd3a-7ecf-97ba-98a42721ed68",CypressTC3 – Streamer Test,"123",2025-05-14 00:00:00.000,"190102835199|GLO|SPEC-00013823|16|<=|1.00|||<=1.00||PASS","944220","307511-BIO","19970933",IC TOC SAMPLE CV1,TOC (Swab),"5°C/25°C/60%RH","0 months","0.25","0.245",ppm,GLO,<=1.00,Pass,"TV-TEC-59102, TV-TEC-67340",Cork_API-L,Cork_API-L
"01968265-dd3a-7ecf-97ba-98a42721ed68-0196c2a8-ffe0-73b1-913a-79e7c060363b-123-230164316423|INH|SPEC-00014195|24|=|100|||>=100 <=100||","0196c2a8-ffe0-73b1-913a-79e7c060363b","01968265-dd3a-7ecf-97ba-98a42721ed68",CypressTC3 – Streamer Test,"123",2025-05-14 00:00:00.000,"230164316423|INH|SPEC-00014195|24|=|100|||>=100 <=100||","944220","307511-BIO","90031473",BIOBURDEN,"100 PBS","5°C/25°C/60%RH","0 months",,,mL,INH,>=100 <=100,Pass,"TV-SPEC-16223, DS-SPE-24449",Cork_API-L,Cork_API-L
"01968265-dd3a-7ecf-97ba-98a42721ed68-0196c2a9-013d-70b5-9e03-8fe16f972566-123-190102975247|GLO|SPEC-00014195|24|<=|5.0|||<=5.0|ADO1 C19250870|PASS","0196c2a9-013d-70b5-9e03-8fe16f972566","01968265-dd3a-7ecf-97ba-98a42721ed68",CypressTC3 – Streamer Test,"123",2025-05-14 00:00:00.000,"190102975247|GLO|SPEC-00014195|24|<=|5.0|||<=5.0|ADO1 C19250870|PASS","944220","307511-BIO","90031478",HI HPLC,Post-peak,"5°C/25°C/60%RH","0 months","1.6","1.5932",%,GLO,<=5.0,Pass,"TV-SPEC-16223, DS-SPE-24449",Cork_API-L,Cork_API-L
"01968265-dd3a-7ecf-97ba-98a42721ed68-0196c2a9-1973-76a4-ad64-42dbb3d81eae-123-190102975243|GLO|SPEC-00014195|19|>=|95.0|||>=95.0|ADO1 C19250870|PASS","0196c2a9-1973-76a4-ad64-42dbb3d81eae","01968265-dd3a-7ecf-97ba-98a42721ed68",CypressTC3 – Streamer Test,"123",2025-05-14 00:00:00.000,"190102975243|GLO|SPEC-00014195|19|>=|95.0|||>=95.0|ADO1 C19250870|PASS","944220","307511-BIO","90031478",HI HPLC,Main Peak,"5°C/25°C/60%RH","0 months","97.5","97.4889",%,GLO,>=95.0,Pass,"TV-SPEC-16223, DS-SPE-24449",Cork_API-L,Cork_API-L
"01968265-dd3a-7ecf-97ba-98a42721ed68-0196c2a9-2b62-7c49-b0ed-78dd82ce3c63-123-190102975265|GLO|SPEC-00014195|24|In|CONFORMS TO REFERENCE MATERIAL|||CONFORMS TO REFERENCE MATERIAL|ADO1 C19250870|PASS","0196c2a9-2b62-7c49-b0ed-78dd82ce3c63","01968265-dd3a-7ecf-97ba-98a42721ed68",CypressTC3 – Streamer Test,"123",2025-05-14 00:00:00.000,"190102975265|GLO|SPEC-00014195|24|In|CONFORMS TO REFERENCE MATERIAL|||CONFORMS TO REFERENCE MATERIAL|ADO1 C19250870|PASS","944220","307511-BIO","90031478",CIEF,cIEF,"5°C/25°C/60%RH","0 months",Conforms to reference material,Conforms to reference material,,GLO,CONFORMS TO REFERENCE MATERIAL,Pass,"TV-SPEC-16223, DS-SPE-24449",Cork_API-L,Cork_API-L
"01968265-dd3a-7ecf-97ba-98a42721ed68-0196c2a9-2ec5-745a-9caf-0b343f9ae7fd-123-190102975229|GLO|SPEC-00014195|19|<=|5|||<=5|ADO1 C19250870|PASS","0196c2a9-2ec5-745a-9caf-0b343f9ae7fd","01968265-dd3a-7ecf-97ba-98a42721ed68",CypressTC3 – Streamer Test,"123",2025-05-14 00:00:00.000,"190102975229|GLO|SPEC-00014195|19|<=|5|||<=5|ADO1 C19250870|PASS","944220","307511-BIO","90031478",DNA,Residual DNA,"5°C/25°C/60%RH","0 months",<2,<2,pg/mg protein,GLO,<=5,Pass,"TV-SPEC-16223, DS-SPE-24449",Cork_API-L,Cork_API-L
"01968265-dd3a-7ecf-97ba-98a42721ed68-0196c2a9-3079-78e1-8716-a57e32f4ae93-123-190102975247|GLO|SPEC-00014195|19|<=|5.0|||<=5.0|ADO1 C19250870|PASS","0196c2a9-3079-78e1-8716-a57e32f4ae93","01968265-dd3a-7ecf-97ba-98a42721ed68",CypressTC3 – Streamer Test,"123",2025-05-14 00:00:00.000,"190102975247|GLO|SPEC-00014195|19|<=|5.0|||<=5.0|ADO1 C19250870|PASS","944220","307511-BIO","90031478",HI HPLC,Post-peak,"5°C/25°C/60%RH","0 months","1.6","1.5932",%,GLO,<=5.0,Pass,"TV-SPEC-16223, DS-SPE-24449",Cork_API-L,Cork_API-L
"01968265-dd3a-7ecf-97ba-98a42721ed68-0196c2a9-4a82-7878-af36-c5c2a805a526-123-190102843973|GLO|SPEC-00013823|16|<=|1.00|||<=1.00||PASS","0196c2a9-4a82-7878-af36-c5c2a805a526","01968265-dd3a-7ecf-97ba-98a42721ed68",CypressTC3 – Streamer Test,"123",2025-05-14 00:00:00.000,"190102843973|GLO|SPEC-00013823|16|<=|1.00|||<=1.00||PASS","944220","307511-BIO","19970923",IC TOC SAMPLE CV1,TOC (Swab),"5°C/25°C/60%RH","0 months","0.24","0.242",ppm,GLO,<=1.00,Pass,"TV-TEC-59102, TV-TEC-67340",Cork_API-L,Cork_API-L
"01968265-dd3a-7ecf-97ba-98a42721ed68-0196c2a9-4aca-7e0b-8d56-a3df7b43095e-123-190102975709|CHAR|SPEC-00014195|23|>|-99999|||REPORT RESULTS||PASS","0196c2a9-4aca-7e0b-8d56-a3df7b43095e","01968265-dd3a-7ecf-97ba-98a42721ed68",CypressTC3 – Streamer Test,"123",2025-05-14 00:00:00.000,"190102975709|CHAR|SPEC-00014195|23|>|-99999|||REPORT RESULTS||PASS","944220","307511-BIO","90031504",OLIGOSACCHARIDE MAP,G2,"5°C/25°C/60%RH","0 months","0.44","0.44",%,CHAR,REPORT RESULTS,Pass,"TV-SPEC-16223, DS-SPE-24449",Cork_API-L,Cork_API-L
"01968265-dd3a-7ecf-97ba-98a42721ed68-0196c2a9-5905-7b53-b635-ba14164d7eb7-123-190102975257|GLO|SPEC-00014195|19|>=|90.0|||>=90.0|ADO1 C19250870|PASS","0196c2a9-5905-7b53-b635-ba14164d7eb7","01968265-dd3a-7ecf-97ba-98a42721ed68",CypressTC3 – Streamer Test,"123",2025-05-14 00:00:00.000,"190102975257|GLO|SPEC-00014195|19|>=|90.0|||>=90.0|ADO1 C19250870|PASS","944220","307511-BIO","90031478",CSDS NON REDUCED,Purity,"5°C/25°C/60%RH","0 months","95.2","95.183",%,GLO,>=90.0,Pass,"TV-SPEC-16223, DS-SPE-24449",Cork_API-L,Cork_API-L
"01968265-dd3a-7ecf-97ba-98a42721ed68-0196c2a9-5cdc-7516-9f28-00a7868f43af-123-190102975303|CHAR|SPEC-00014195|24|>|-99999|||REPORT RESULTS|ADO1 C19250870|PASS","0196c2a9-5cdc-7516-9f28-00a7868f43af","01968265-dd3a-7ecf-97ba-98a42721ed68",CypressTC3 – Streamer Test,"123",2025-05-14 00:00:00.000,"190102975303|CHAR|SPEC-00014195|24|>|-99999|||REPORT RESULTS|ADO1 C19250870|PASS","944220","307511-BIO","90031478",CSDS REDUCED 1,Purity (%HC+%LC),"5°C/25°C/60%RH","0 months","95.2","95.198",%,CHAR,REPORT RESULTS,Pass,"TV-SPEC-16223, DS-SPE-24449",Cork_API-L,Cork_API-L
"01968265-dd3a-7ecf-97ba-98a42721ed68-0196c2a9-6151-7c04-b7bc-4ddfb6e18de6-123-190102845483|GLO|SPEC-00013823|16|<=|1.00|||<=1.00||PASS","0196c2a9-6151-7c04-b7bc-4ddfb6e18de6","01968265-dd3a-7ecf-97ba-98a42721ed68",CypressTC3 – Streamer Test,"123",2025-05-14 00:00:00.000,"190102845483|GLO|SPEC-00013823|16|<=|1.00|||<=1.00||PASS","944220","307511-BIO","19970810",IC TOC SAMPLE CV1,TOC (Swab),"5°C/25°C/60%RH","0 months","0.19","0.192",ppm,GLO,<=1.00,Pass,"TV-TEC-59102, TV-TEC-67340",Cork_API-L,Cork_API-L
"01968265-dd3a-7ecf-97ba-98a42721ed68-0196c2a9-7a1f-7331-97d2-3dadd9cf5755-123-190102975223|GLO|SPEC-00014195|24|<=|2|||<=2||PASS","0196c2a9-7a1f-7331-97d2-3dadd9cf5755","01968265-dd3a-7ecf-97ba-98a42721ed68",CypressTC3 – Streamer Test,"123",2025-05-14 00:00:00.000,"190102975223|GLO|SPEC-00014195|24|<=|2|||<=2||PASS","944220","307511-BIO","90031475",RP-HPLC COMP,Residual 2-MEA,"5°C/25°C/60%RH","0 months",<2,<1.5,µM,GLO,<=2,Pass,"TV-SPEC-16223, DS-SPE-24449",Cork_API-L,Cork_API-L
"01968265-dd3a-7ecf-97ba-98a42721ed68-0196c2a9-7e3d-7c42-a982-a05c42eb01bd-123-190102844645|GLO|SPEC-00013823|16|<=|1.00|||<=1.00||PASS","0196c2a9-7e3d-7c42-a982-a05c42eb01bd","01968265-dd3a-7ecf-97ba-98a42721ed68",CypressTC3 – Streamer Test,"123",2025-05-14 00:00:00.000,"190102844645|GLO|SPEC-00013823|16|<=|1.00|||<=1.00||PASS","944220","307511-BIO","19970827",IC TOC SAMPLE CV,TOC (Rinse),"5°C/25°C/60%RH","0 months","0.29","0.294",ppm,GLO,<=1.00,Pass,"TV-TEC-59102, TV-TEC-67340",Cork_API-L,Cork_API-L
"01968265-dd3a-7ecf-97ba-98a42721ed68-0196c2a9-8b19-743a-b0d3-cb0b2bcad877-123-200114110057|CHAR|SPEC-00014195|23|>|-99999|||REPORT RESULTS||PASS","0196c2a9-8b19-743a-b0d3-cb0b2bcad877","01968265-dd3a-7ecf-97ba-98a42721ed68",CypressTC3 – Streamer Test,"123",2025-05-14 00:00:00.000,"200114110057|CHAR|SPEC-00014195|23|>|-99999|||REPORT RESULTS||PASS","944220","307511-BIO","90041586",CIEF COMP,Sum of Basic Peaks (sum of peaks 6 and 7),"5°C/25°C/60%RH","0 months","3","3.0265",%,CHAR,REPORT RESULTS,Pass,"TV-SPEC-16223, DS-SPE-24449",Cork_API-L,Cork_API-L
"01968265-dd3a-7ecf-97ba-98a42721ed68-0196c2a9-95c7-7e39-9d4d-fc2c0620cd2b-123-190104001723|GLO|SPEC-00014195|19|In|IDENTITY CONFIRMED AS CNTO 4424|||IDENTITY CONFIRMED AS CNTO 4424|ADO1 C19250870|PASS","0196c2a9-95c7-7e39-9d4d-fc2c0620cd2b","01968265-dd3a-7ecf-97ba-98a42721ed68",CypressTC3 – Streamer Test,"123",2025-05-14 00:00:00.000,"190104001723|GLO|SPEC-00014195|19|In|IDENTITY CONFIRMED AS CNTO 4424|||IDENTITY CONFIRMED AS CNTO 4424|ADO1 C19250870|PASS","944220","307511-BIO","90031478",DOT BLOT IDENTITY,Dot Blot,"5°C/25°C/60%RH","0 months",Identity confirmed as CNTO 4424,Identity confirmed as CNTO 4424,,GLO,IDENTITY CONFIRMED AS CNTO 4424,Pass,"TV-SPEC-16223, DS-SPE-24449",Cork_API-L,Cork_API-L
"01968265-dd3a-7ecf-97ba-98a42721ed68-0196c2a9-9810-71ad-8ec3-ab6274646f41-123-190102975251|GLO|SPEC-00014195|19|>=|60|<=|140|60-140% ACTIVITY RELATIVE TO REFERENCE MATERIAL|ADO1 C19250870|PASS","0196c2a9-9810-71ad-8ec3-ab6274646f41","01968265-dd3a-7ecf-97ba-98a42721ed68",CypressTC3 – Streamer Test,"123",2025-05-14 00:00:00.000,"190102975251|GLO|SPEC-00014195|19|>=|60|<=|140|60-140% ACTIVITY RELATIVE TO REFERENCE MATERIAL|ADO1 C19250870|PASS","944220","307511-BIO","90031478",BIOASSAY,EGFR Binding,"5°C/25°C/60%RH","0 months","104","104",%,GLO,"60-140% ACTIVITY RELATIVE TO REFERENCE MATERIAL",Pass,"TV-SPEC-16223, DS-SPE-24449",Cork_API-L,Cork_API-L
"01968265-dd3a-7ecf-97ba-98a42721ed68-0196c2a9-a36a-7138-84b1-8693a47bcb6b-123-190102975279|GLO|SPEC-00014195|19|<=|50|||<=50|ADO1 C19250870|PASS","0196c2a9-a36a-7138-84b1-8693a47bcb6b","01968265-dd3a-7ecf-97ba-98a42721ed68",CypressTC3 – Streamer Test,"123",2025-05-14 00:00:00.000,"190102975279|GLO|SPEC-00014195|19|<=|50|||<=50|ADO1 C19250870|PASS","944220","307511-BIO","90031478",CIEF,Sum of Acidic Peaks,"5°C/25°C/60%RH","0 months","34","33.55",%,GLO,<=50,Pass,"TV-SPEC-16223, DS-SPE-24449",Cork_API-L,Cork_API-L
"01968265-dd3a-7ecf-97ba-98a42721ed68-0196c2a9-ac0b-79ab-8fa2-373aa9cb37e0-123-190102975261|GLO|SPEC-00014195|24|In|NO NEW PEAK > 1.0% COMPARED TO REFERENCE MATERIAL|||NO NEW PEAK >1.0% COMPARED TO REFERENCE MATERIAL|ADO1 C19250870|PASS","0196c2a9-ac0b-79ab-8fa2-373aa9cb37e0","01968265-dd3a-7ecf-97ba-98a42721ed68",CypressTC3 – Streamer Test,"123",2025-05-14 00:00:00.000,"190102975261|GLO|SPEC-00014195|24|In|NO NEW PEAK > 1.0% COMPARED TO REFERENCE MATERIAL|||NO NEW PEAK >1.0% COMPARED TO REFERENCE MATERIAL|ADO1 C19250870|PASS","944220","307511-BIO","90031478",CSDS NON REDUCED,New peaks,"5°C/25°C/60%RH","0 months",No new peak > 1.0% compared to Reference Material,No new peak > 1.0% compared to Reference Material,,GLO,NO NEW PEAK >1.0% COMPARED TO REFERENCE MATERIAL,Pass,"TV-SPEC-16223, DS-SPE-24449",Cork_API-L,Cork_API-L
"01968265-dd3a-7ecf-97ba-98a42721ed68-0196c2a9-b3c0-7f7f-839e-429d4849cd2d-123-230164316429|INH|SPEC-00014195|24|>|-99999|||REPORT RESULTS||PASS","0196c2a9-b3c0-7f7f-839e-429d4849cd2d","01968265-dd3a-7ecf-97ba-98a42721ed68",CypressTC3 – Streamer Test,"123",2025-05-14 00:00:00.000,"230164316429|INH|SPEC-00014195|24|>|-99999|||REPORT RESULTS||PASS","944220","307511-BIO","90031473",IC ENDTOX SAMPLE,A280 Sample Ref,"5°C/25°C/60%RH","0 months","90031478","90031478",,INH,REPORT RESULTS,Pass,"TV-SPEC-16223, DS-SPE-24449",Cork_API-L,Cork_API-L
"01968265-dd3a-7ecf-97ba-98a42721ed68-0196c2a9-b8cf-7335-a7bd-472e54e691d7-123-190102975237|GLO|SPEC-00014195|24|>=|95.0|||>=95.0|ADO1 C19250870|PASS","0196c2a9-b8cf-7335-a7bd-472e54e691d7","01968265-dd3a-7ecf-97ba-98a42721ed68",CypressTC3 – Streamer Test,"123",2025-05-14 00:00:00.000,"190102975237|GLO|SPEC-00014195|24|>=|95.0|||>=95.0|ADO1 C19250870|PASS","944220","307511-BIO","90031478",SE-HPLC,Main Peak,"5°C/25°C/60%RH","0 months","99.5","99.5092",%,GLO,>=95.0,Pass,"TV-SPEC-16223, DS-SPE-24449",Cork_API-L,Cork_API-L
"01968265-dd3a-7ecf-97ba-98a42721ed68-0196c2a9-c33c-7c77-9b69-9639012ada73-123-190102975241|GLO|SPEC-00014195|19|>|-99999|||REPORT RESULTS|ADO1 C19250870|PASS","0196c2a9-c33c-7c77-9b69-9639012ada73","01968265-dd3a-7ecf-97ba-98a42721ed68",CypressTC3 – Streamer Test,"123",2025-05-14 00:00:00.000,"190102975241|GLO|SPEC-00014195|19|>|-99999|||REPORT RESULTS|ADO1 C19250870|PASS","944220","307511-BIO","90031478",SE-HPLC,% Total LMWS,"5°C/25°C/60%RH","0 months",<0.1,"0.0879",%,GLO,REPORT RESULTS,Pass,"TV-SPEC-16223, DS-SPE-24449",Cork_API-L,Cork_API-L
"01968265-dd3a-7ecf-97ba-98a42721ed68-0196c2a9-cbaa-70ac-93bd-1af651441f2a-123-190102845327|GLO|SPEC-00013823|16|<=|1.00|||<=1.00||PASS","0196c2a9-cbaa-70ac-93bd-1af651441f2a","01968265-dd3a-7ecf-97ba-98a42721ed68",CypressTC3 – Streamer Test,"123",2025-05-14 00:00:00.000,"190102845327|GLO|SPEC-00013823|16|<=|1.00|||<=1.00||PASS","944220","307511-BIO","19970812",IC TOC SAMPLE CV1,TOC (Swab),"5°C/25°C/60%RH","0 months","0.25","0.248",ppm,GLO,<=1.00,Pass,"TV-TEC-59102, TV-TEC-67340",Cork_API-L,Cork_API-L
"01968265-dd3a-7ecf-97ba-98a42721ed68-0196c2a9-d22e-7af6-b89a-9e3709059dfd-123-190102975257|GLO|SPEC-00014195|24|>=|90.0|||>=90.0|ADO1 C19250870|PASS","0196c2a9-d22e-7af6-b89a-9e3709059dfd","01968265-dd3a-7ecf-97ba-98a42721ed68",CypressTC3 – Streamer Test,"123",2025-05-14 00:00:00.000,"190102975257|GLO|SPEC-00014195|24|>=|90.0|||>=90.0|ADO1 C19250870|PASS","944220","307511-BIO","90031478",CSDS NON REDUCED,Purity,"5°C/25°C/60%RH","0 months","95.2","95.183",%,GLO,>=90.0,Pass,"TV-SPEC-16223, DS-SPE-24449",Cork_API-L,Cork_API-L
"01968265-dd3a-7ecf-97ba-98a42721ed68-0196c2a9-d599-79d9-9a0b-27fa7156ea17-123-230164316427|INH|SPEC-00014195|24|>=|50|<=|200|>=50 <=200||","0196c2a9-d599-79d9-9a0b-27fa7156ea17","01968265-dd3a-7ecf-97ba-98a42721ed68",CypressTC3 – Streamer Test,"123",2025-05-14 00:00:00.000,"230164316427|INH|SPEC-00014195|24|>=|50|<=|200|>=50 <=200||","944220","307511-BIO","90031473",IC ENDTOX SAMPLE,PPC recovery,"5°C/25°C/60%RH","0 months",,,%,INH,>=50 <=200,Pass,"TV-SPEC-16223, DS-SPE-24449",Cork_API-L,Cork_API-L
"01968265-dd3a-7ecf-97ba-98a42721ed68-0196c2a9-e1a7-7781-860b-6a9b7cfb21ff-123-190102975241|GLO|SPEC-00014195|24|>|-99999|||REPORT RESULTS|ADO1 C19250870|PASS","0196c2a9-e1a7-7781-860b-6a9b7cfb21ff","01968265-dd3a-7ecf-97ba-98a42721ed68",CypressTC3 – Streamer Test,"123",2025-05-14 00:00:00.000,"190102975241|GLO|SPEC-00014195|24|>|-99999|||REPORT RESULTS|ADO1 C19250870|PASS","944220","307511-BIO","90031478",SE-HPLC,% Total LMWS,"5°C/25°C/60%RH","0 months",<0.1,"0.0879",%,GLO,REPORT RESULTS,Pass,"TV-SPEC-16223, DS-SPE-24449",Cork_API-L,Cork_API-L
"01968265-dd3a-7ecf-97ba-98a42721ed68-0196c2a9-f6b7-7ffd-a348-5ba08378db48-123-190103738653|GLO|SPEC-00014195|24|Not In|-99999|||<= 50 NG/MG PROTEIN|ADO1 C19250870|PASS","0196c2a9-f6b7-7ffd-a348-5ba08378db48","01968265-dd3a-7ecf-97ba-98a42721ed68",CypressTC3 – Streamer Test,"123",2025-05-14 00:00:00.000,"190103738653|GLO|SPEC-00014195|24|Not In|-99999|||<= 50 NG/MG PROTEIN|ADO1 C19250870|PASS","944220","307511-BIO","90031478",ELISA,Residual Protein A,"5°C/25°C/60%RH","0 months",<10,<10,ng/mg protein,GLO,<= 50 NG/MG PROTEIN,Pass,"TV-SPEC-16223, DS-SPE-24449",Cork_API-L,Cork_API-L
"01968265-dd3a-7ecf-97ba-98a42721ed68-0196c2a9-f83a-72d9-aa32-43aa8d0908d5-123-190102975225|INH|SPEC-00014195|24|<=|100|||<=100||PASS","0196c2a9-f83a-72d9-aa32-43aa8d0908d5","01968265-dd3a-7ecf-97ba-98a42721ed68",CypressTC3 – Streamer Test,"123",2025-05-14 00:00:00.000,"190102975225|INH|SPEC-00014195|24|<=|100|||<=100||PASS","944220","307511-BIO","90031475",HOST CELL PROTEIN,Residual HCP,"5°C/25°C/60%RH","0 months",<1,<1,ng/mg protein,INH,<=100,Pass,"TV-SPEC-16223, DS-SPE-24449",Cork_API-L,Cork_API-L
"01968265-dd3a-7ecf-97ba-98a42721ed68-0196c2a9-fa0c-7611-9989-6a3f4caa77cf-123-190102844563|GLO|SPEC-00013823|16|<=|1.00|||<=1.00||PASS","0196c2a9-fa0c-7611-9989-6a3f4caa77cf","01968265-dd3a-7ecf-97ba-98a42721ed68",CypressTC3 – Streamer Test,"123",2025-05-14 00:00:00.000,"190102844563|GLO|SPEC-00013823|16|<=|1.00|||<=1.00||PASS","944220","307511-BIO","19970830",IC TOC SAMPLE CV1,TOC (Swab),"5°C/25°C/60%RH","0 months","0.38","0.378",ppm,GLO,<=1.00,Pass,"TV-TEC-59102, TV-TEC-67340",Cork_API-L,Cork_API-L
"01968265-dd3a-7ecf-97ba-98a42721ed68-0196c2a9-fdab-7502-b6ac-c4c53a3a128b-123-190102975303|CHAR|SPEC-00014195|19|>|-99999|||REPORT RESULTS|ADO1 C19250870|PASS","0196c2a9-fdab-7502-b6ac-c4c53a3a128b","01968265-dd3a-7ecf-97ba-98a42721ed68",CypressTC3 – Streamer Test,"123",2025-05-14 00:00:00.000,"190102975303|CHAR|SPEC-00014195|19|>|-99999|||REPORT RESULTS|ADO1 C19250870|PASS","944220","307511-BIO","90031478",CSDS REDUCED 1,Purity (%HC+%LC),"5°C/25°C/60%RH","0 months","95.2","95.198",%,CHAR,REPORT RESULTS,Pass,"TV-SPEC-16223, DS-SPE-24449",Cork_API-L,Cork_API-L
"01968265-dd3a-7ecf-97ba-98a42721ed68-0196c2aa-0364-7c3b-8014-0196054c76d8-123-190102844353|GLO|SPEC-00013823|16|<=|1.00|||<=1.00||PASS","0196c2aa-0364-7c3b-8014-0196054c76d8","01968265-dd3a-7ecf-97ba-98a42721ed68",CypressTC3 – Streamer Test,"123",2025-05-14 00:00:00.000,"190102844353|GLO|SPEC-00013823|16|<=|1.00|||<=1.00||PASS","944220","307511-BIO","19970832",IC TOC SAMPLE CV1,TOC (Swab),"5°C/25°C/60%RH","0 months","0.31","0.311",ppm,GLO,<=1.00,Pass,"TV-TEC-59102, TV-TEC-67340",Cork_API-L,Cork_API-L
"01968265-dd3a-7ecf-97ba-98a42721ed68-0196c2aa-122d-7ddd-b5ec-2b428c41b6e5-123-190102844079|GLO|SPEC-00013823|16|<=|1.00|||<=1.00||PASS","0196c2aa-122d-7ddd-b5ec-2b428c41b6e5","01968265-dd3a-7ecf-97ba-98a42721ed68",CypressTC3 – Streamer Test,"123",2025-05-14 00:00:00.000,"190102844079|GLO|SPEC-00013823|16|<=|1.00|||<=1.00||PASS","944220","307511-BIO","19970922",IC TOC SAMPLE CV,TOC (Rinse),"5°C/25°C/60%RH","0 months","0.25","0.246",ppm,GLO,<=1.00,Pass,"TV-TEC-59102, TV-TEC-67340",Cork_API-L,Cork_API-L
"01968265-dd3a-7ecf-97ba-98a42721ed68-0196c2aa-14b4-7fa4-a359-f5d5d4f4671a-123-200114110053|CHAR|SPEC-00014195|23|>|-99999|||REPORT RESULTS||PASS","0196c2aa-14b4-7fa4-a359-f5d5d4f4671a","01968265-dd3a-7ecf-97ba-98a42721ed68",CypressTC3 – Streamer Test,"123",2025-05-14 00:00:00.000,"200114110053|CHAR|SPEC-00014195|23|>|-99999|||REPORT RESULTS||PASS","944220","307511-BIO","90041586",CIEF COMP,Main Peak (sum of peak 4 and 5),"5°C/25°C/60%RH","0 months","68","67.7599",%,CHAR,REPORT RESULTS,Pass,"TV-SPEC-16223, DS-SPE-24449",Cork_API-L,Cork_API-L
"01968265-dd3a-7ecf-97ba-98a42721ed68-0196c2aa-1699-7ec9-8a7c-3f8b7092639b-123-230164316425|INH|SPEC-00014195|24|<|10.50|||<=10%||","0196c2aa-1699-7ec9-8a7c-3f8b7092639b","01968265-dd3a-7ecf-97ba-98a42721ed68",CypressTC3 – Streamer Test,"123",2025-05-14 00:00:00.000,"230164316425|INH|SPEC-00014195|24|<|10.50|||<=10%||","944220","307511-BIO","90031473",IC ENDTOX SAMPLE,CV PPC,"5°C/25°C/60%RH","0 months",,,%,INH,<=10%,Pass,"TV-SPEC-16223, DS-SPE-24449",Cork_API-L,Cork_API-L
"01968265-dd3a-7ecf-97ba-98a42721ed68-0196c2aa-17ee-72d4-b1f5-ccceb3f06fa4-123-190102975221|GLO|SPEC-00014195|24|>=|5.2|<=|6.2|>=5.2 <=6.2||PASS","0196c2aa-17ee-72d4-b1f5-ccceb3f06fa4","01968265-dd3a-7ecf-97ba-98a42721ed68",CypressTC3 – Streamer Test,"123",2025-05-14 00:00:00.000,"190102975221|GLO|SPEC-00014195|24|>=|5.2|<=|6.2|>=5.2 <=6.2||PASS","944220","307511-BIO","90031474",PH,pH,"5°C/25°C/60%RH","0 months","5.6","5.62",,GLO,>=5.2 <=6.2,Pass,"TV-SPEC-16223, DS-SPE-24449",Cork_API-L,Cork_API-L
"01968265-dd3a-7ecf-97ba-98a42721ed68-0196c2aa-1d1e-7d3e-a7bc-46305cb0b584-123-190102975217|GLO|SPEC-00014195|19|In|<= BY2;<= BY3;<= BY4;<= BY5;<= BY6;<= BY7;COLORLESS|||COLORLESS TO ≤ BY2||PASS","0196c2aa-1d1e-7d3e-a7bc-46305cb0b584","01968265-dd3a-7ecf-97ba-98a42721ed68",CypressTC3 – Streamer Test,"123",2025-05-14 00:00:00.000,"190102975217|GLO|SPEC-00014195|19|In|<= BY2;<= BY3;<= BY4;<= BY5;<= BY6;<= BY7;COLORLESS|||COLORLESS TO ≤ BY2||PASS","944220","307511-BIO","90031474",COLOUR SOLUTION,Brown-Yellow Series (Standard BY),"5°C/25°C/60%RH","0 months",<= BY7,<= BY7,,GLO,COLORLESS TO ≤ BY2,Pass,"TV-SPEC-16223, DS-SPE-24449",Cork_API-L,Cork_API-L
"01968265-dd3a-7ecf-97ba-98a42721ed68-0196c2aa-1d2f-77e7-862f-05219c55f3f2-123-230164316432|INH|SPEC-00014195|24|=|50|||>=50 <=50||","0196c2aa-1d2f-77e7-862f-05219c55f3f2","01968265-dd3a-7ecf-97ba-98a42721ed68",CypressTC3 – Streamer Test,"123",2025-05-14 00:00:00.000,"230164316432|INH|SPEC-00014195|24|=|50|||>=50 <=50||","944220","307511-BIO","90031473",IC ENDTOX SAMPLE,Dilution Factor=50,"5°C/25°C/60%RH","0 months",,,,INH,>=50 <=50,Pass,"TV-SPEC-16223, DS-SPE-24449",Cork_API-L,Cork_API-L
"01968265-dd3a-7ecf-97ba-98a42721ed68-0196c2aa-3120-7172-acd6-c15013b20fe3-123-190102975281|GLO|SPEC-00014195|24|<=|10|||<=10|ADO1 C19250870|PASS","0196c2aa-3120-7172-acd6-c15013b20fe3","01968265-dd3a-7ecf-97ba-98a42721ed68",CypressTC3 – Streamer Test,"123",2025-05-14 00:00:00.000,"190102975281|GLO|SPEC-00014195|24|<=|10|||<=10|ADO1 C19250870|PASS","944220","307511-BIO","90031478",CIEF,Sum of Basic Peaks,"5°C/25°C/60%RH","0 months","3","3.02",%,GLO,<=10,Pass,"TV-SPEC-16223, DS-SPE-24449",Cork_API-L,Cork_API-L
"01968265-dd3a-7ecf-97ba-98a42721ed68-0196c2aa-3369-76d6-b0cc-9cd0fac9c470-123-190102843617|GLO|SPEC-00013823|16|<=|1.00|||<=1.00||PASS","0196c2aa-3369-76d6-b0cc-9cd0fac9c470","01968265-dd3a-7ecf-97ba-98a42721ed68",CypressTC3 – Streamer Test,"123",2025-05-14 00:00:00.000,"190102843617|GLO|SPEC-00013823|16|<=|1.00|||<=1.00||PASS","944220","307511-BIO","19970924",IC TOC SAMPLE CV1,TOC (Swab),"5°C/25°C/60%RH","0 months","0.30","0.295",ppm,GLO,<=1.00,Pass,"TV-TEC-59102, TV-TEC-67340",Cork_API-L,Cork_API-L
"01968265-dd3a-7ecf-97ba-98a42721ed68-0196c2aa-408d-77fd-928f-9b3026ff0a97-123-190102537257|GLO|SPEC-00013823|15|<=|0.4|||<=0.4||PASS","0196c2aa-408d-77fd-928f-9b3026ff0a97","01968265-dd3a-7ecf-97ba-98a42721ed68",CypressTC3 – Streamer Test,"123",2025-05-14 00:00:00.000,"190102537257|GLO|SPEC-00013823|15|<=|0.4|||<=0.4||PASS","944220","307511-BIO","19970956",COLLOIDAL GOLD 1,Colloidal Gold,"5°C/25°C/60%RH","0 months",<0.4,<0.4,µg/ml,GLO,<=0.4,Pass,"TV-TEC-59102, TV-TEC-67340",Cork_API-L,Cork_API-L
"01968265-dd3a-7ecf-97ba-98a42721ed68-0196c2aa-4132-7f9f-a85e-4ea7f255ea55-123-190102975255|GLO|SPEC-00014195|19|>=|60|<=|140|60-140% ACTIVITY RELATIVE TO REFERENCE MATERIAL|ADO1 C19250870|PASS","0196c2aa-4132-7f9f-a85e-4ea7f255ea55","01968265-dd3a-7ecf-97ba-98a42721ed68",CypressTC3 – Streamer Test,"123",2025-05-14 00:00:00.000,"190102975255|GLO|SPEC-00014195|19|>=|60|<=|140|60-140% ACTIVITY RELATIVE TO REFERENCE MATERIAL|ADO1 C19250870|PASS","944220","307511-BIO","90031478",BIOASSAY 1,cMET Binding,"5°C/25°C/60%RH","0 months","90","90",%,GLO,"60-140% ACTIVITY RELATIVE TO REFERENCE MATERIAL",Pass,"TV-SPEC-16223, DS-SPE-24449",Cork_API-L,Cork_API-L
"01968265-dd3a-7ecf-97ba-98a42721ed68-0196c2aa-43f8-7997-b22f-d7e5a33102cc-123-190102975219|GLO|SPEC-00014195|24|In|<=Y2;<=Y3;<=Y4;<=Y5;<=Y6;<=Y7;COLORLESS|||COLORLESS TO <= Y2||PASS","0196c2aa-43f8-7997-b22f-d7e5a33102cc","01968265-dd3a-7ecf-97ba-98a42721ed68",CypressTC3 – Streamer Test,"123",2025-05-14 00:00:00.000,"190102975219|GLO|SPEC-00014195|24|In|<=Y2;<=Y3;<=Y4;<=Y5;<=Y6;<=Y7;COLORLESS|||COLORLESS TO <= Y2||PASS","944220","307511-BIO","90031474",COLOUR SOLUTION,Yellow Series (Standard Y),"5°C/25°C/60%RH","0 months",<=Y7,<=Y7,,GLO,COLORLESS TO <= Y2,Pass,"TV-SPEC-16223, DS-SPE-24449",Cork_API-L,Cork_API-L
"01968265-dd3a-7ecf-97ba-98a42721ed68-0196c2aa-4562-78f4-a5c1-195d8ac16445-123-190102975223|GLO|SPEC-00014195|19|<=|2|||<=2||PASS","0196c2aa-4562-78f4-a5c1-195d8ac16445","01968265-dd3a-7ecf-97ba-98a42721ed68",CypressTC3 – Streamer Test,"123",2025-05-14 00:00:00.000,"190102975223|GLO|SPEC-00014195|19|<=|2|||<=2||PASS","944220","307511-BIO","90031475",RP-HPLC COMP,Residual 2-MEA,"5°C/25°C/60%RH","0 months",<2,<1.5,µM,GLO,<=2,Pass,"TV-SPEC-16223, DS-SPE-24449",Cork_API-L,Cork_API-L
"01968265-dd3a-7ecf-97ba-98a42721ed68-0196c2aa-463e-737f-b849-64685b5da94d-123-190102975295|GLO|SPEC-00014195|24|>=|45.0|<=|55.0|>=45.0 <=55.0|ADO1 C19250870|PASS","0196c2aa-463e-737f-b849-64685b5da94d","01968265-dd3a-7ecf-97ba-98a42721ed68",CypressTC3 – Streamer Test,"123",2025-05-14 00:00:00.000,"190102975295|GLO|SPEC-00014195|24|>=|45.0|<=|55.0|>=45.0 <=55.0|ADO1 C19250870|PASS","944220","307511-BIO","90031478",OD280 C 1,Protein Concentration by A280,"5°C/25°C/60%RH","0 months","50.4","50.35714285714",mg/mL,GLO,>=45.0 <=55.0,Pass,"TV-SPEC-16223, DS-SPE-24449",Cork_API-L,Cork_API-L
"01968265-dd3a-7ecf-97ba-98a42721ed68-0196c2aa-4b7b-7967-a162-208cdaf63439-123-190102835569|GLO|SPEC-00013823|16|<=|1.00|||<=1.00||PASS","0196c2aa-4b7b-7967-a162-208cdaf63439","01968265-dd3a-7ecf-97ba-98a42721ed68",CypressTC3 – Streamer Test,"123",2025-05-14 00:00:00.000,"190102835569|GLO|SPEC-00013823|16|<=|1.00|||<=1.00||PASS","944220","307511-BIO","19970926",IC TOC SAMPLE CV1,TOC (Swab),"5°C/25°C/60%RH","0 months","0.30","0.298",ppm,GLO,<=1.00,Pass,"TV-TEC-59102, TV-TEC-67340",Cork_API-L,Cork_API-L
"01968265-dd3a-7ecf-97ba-98a42721ed68-0196c2aa-4e5c-78a6-b281-ddbcfcd2e666-123-190102975279|GLO|SPEC-00014195|24|<=|50|||<=50|ADO1 C19250870|PASS","0196c2aa-4e5c-78a6-b281-ddbcfcd2e666","01968265-dd3a-7ecf-97ba-98a42721ed68",CypressTC3 – Streamer Test,"123",2025-05-14 00:00:00.000,"190102975279|GLO|SPEC-00014195|24|<=|50|||<=50|ADO1 C19250870|PASS","944220","307511-BIO","90031478",CIEF,Sum of Acidic Peaks,"5°C/25°C/60%RH","0 months","34","33.55",%,GLO,<=50,Pass,"TV-SPEC-16223, DS-SPE-24449",Cork_API-L,Cork_API-L
"01968265-dd3a-7ecf-97ba-98a42721ed68-0196c2aa-527a-7037-b5bf-c3a8b90f5da5-123-190102975239|GLO|SPEC-00014195|24|<=|5.0|||<=5.0|ADO1 C19250870|PASS","0196c2aa-527a-7037-b5bf-c3a8b90f5da5","01968265-dd3a-7ecf-97ba-98a42721ed68",CypressTC3 – Streamer Test,"123",2025-05-14 00:00:00.000,"190102975239|GLO|SPEC-00014195|24|<=|5.0|||<=5.0|ADO1 C19250870|PASS","944220","307511-BIO","90031478",SE-HPLC,% Total HMWS,"5°C/25°C/60%RH","0 months","0.4","0.4027",%,GLO,<=5.0,Pass,"TV-SPEC-16223, DS-SPE-24449",Cork_API-L,Cork_API-L
"01968265-dd3a-7ecf-97ba-98a42721ed68-0196c2aa-60cb-75fb-b365-64afe1036de6-123-190102975243|GLO|SPEC-00014195|24|>=|95.0|||>=95.0|ADO1 C19250870|PASS","0196c2aa-60cb-75fb-b365-64afe1036de6","01968265-dd3a-7ecf-97ba-98a42721ed68",CypressTC3 – Streamer Test,"123",2025-05-14 00:00:00.000,"190102975243|GLO|SPEC-00014195|24|>=|95.0|||>=95.0|ADO1 C19250870|PASS","944220","307511-BIO","90031478",HI HPLC,Main Peak,"5°C/25°C/60%RH","0 months","97.5","97.4889",%,GLO,>=95.0,Pass,"TV-SPEC-16223, DS-SPE-24449",Cork_API-L,Cork_API-L
"01968265-dd3a-7ecf-97ba-98a42721ed68-0196c2aa-6279-74bd-8888-23777fa352b2-123-190102975265|GLO|SPEC-00014195|19|In|CONFORMS TO REFERENCE MATERIAL|||CONFORMS TO REFERENCE MATERIAL|ADO1 C19250870|PASS","0196c2aa-6279-74bd-8888-23777fa352b2","01968265-dd3a-7ecf-97ba-98a42721ed68",CypressTC3 – Streamer Test,"123",2025-05-14 00:00:00.000,"190102975265|GLO|SPEC-00014195|19|In|CONFORMS TO REFERENCE MATERIAL|||CONFORMS TO REFERENCE MATERIAL|ADO1 C19250870|PASS","944220","307511-BIO","90031478",CIEF,cIEF,"5°C/25°C/60%RH","0 months",Conforms to reference material,Conforms to reference material,,GLO,CONFORMS TO REFERENCE MATERIAL,Pass,"TV-SPEC-16223, DS-SPE-24449",Cork_API-L,Cork_API-L
"01968265-dd3a-7ecf-97ba-98a42721ed68-0196c2aa-644a-704e-946e-123aa49395a7-123-190102975693|CHAR|SPEC-00014195|23|>|-99999|||REPORT RESULTS||PASS","0196c2aa-644a-704e-946e-123aa49395a7","01968265-dd3a-7ecf-97ba-98a42721ed68",CypressTC3 – Streamer Test,"123",2025-05-14 00:00:00.000,"190102975693|CHAR|SPEC-00014195|23|>|-99999|||REPORT RESULTS||PASS","944220","307511-BIO","90031504",BIOASSAY 10,FcγRIIIa Binding assay,"5°C/25°C/60%RH","0 months","105","105",%,CHAR,REPORT RESULTS,Pass,"TV-SPEC-16223, DS-SPE-24449",Cork_API-L,Cork_API-L
"01968265-dd3a-7ecf-97ba-98a42721ed68-0196c2aa-7293-7210-9317-45b1e7a3dfe6-123-190102975299|GLO|SPEC-00014195|24|>=|95.0|||>=95.0|ADO1 C19250870|PASS","0196c2aa-7293-7210-9317-45b1e7a3dfe6","01968265-dd3a-7ecf-97ba-98a42721ed68",CypressTC3 – Streamer Test,"123",2025-05-14 00:00:00.000,"190102975299|GLO|SPEC-00014195|24|>=|95.0|||>=95.0|ADO1 C19250870|PASS","944220","307511-BIO","90031478",CSDS REDUCED 1,Purity,"5°C/25°C/60%RH","0 months","98.8","98.792",%,GLO,>=95.0,Pass,"TV-SPEC-16223, DS-SPE-24449",Cork_API-L,Cork_API-L
"01968265-dd3a-7ecf-97ba-98a42721ed68-0196c2aa-7ad7-7df9-81f2-7062cabb2aa6-123-190102975219|GLO|SPEC-00014195|19|In|<=Y2;<=Y3;<=Y4;<=Y5;<=Y6;<=Y7;COLORLESS|||COLORLESS TO ≤Y2||PASS","0196c2aa-7ad7-7df9-81f2-7062cabb2aa6","01968265-dd3a-7ecf-97ba-98a42721ed68",CypressTC3 – Streamer Test,"123",2025-05-14 00:00:00.000,"190102975219|GLO|SPEC-00014195|19|In|<=Y2;<=Y3;<=Y4;<=Y5;<=Y6;<=Y7;COLORLESS|||COLORLESS TO ≤Y2||PASS","944220","307511-BIO","90031474",COLOUR SOLUTION,Yellow Series (Standard Y),"5°C/25°C/60%RH","0 months",<=Y7,<=Y7,,GLO,COLORLESS TO ≤Y2,Pass,"TV-SPEC-16223, DS-SPE-24449",Cork_API-L,Cork_API-L
"01968265-dd3a-7ecf-97ba-98a42721ed68-0196c2aa-7e51-72f0-8947-f227fae4d5b7-123-190102537229|GLO|SPEC-00013823|15|<=|0.4|||<=0.4||PASS","0196c2aa-7e51-72f0-8947-f227fae4d5b7","01968265-dd3a-7ecf-97ba-98a42721ed68",CypressTC3 – Streamer Test,"123",2025-05-14 00:00:00.000,"190102537229|GLO|SPEC-00013823|15|<=|0.4|||<=0.4||PASS","944220","307511-BIO","19970947",COLLOIDAL GOLD 1,Colloidal Gold,"5°C/25°C/60%RH","0 months",<0.4,<0.4,µg/ml,GLO,<=0.4,Pass,"TV-TEC-59102, TV-TEC-67340",Cork_API-L,Cork_API-L
"01968265-dd3a-7ecf-97ba-98a42721ed68-0196c2aa-7fc8-795b-8129-1221c347a962-123-190102835419|GLO|SPEC-00013823|16|<=|1.00|||<=1.00||PASS","0196c2aa-7fc8-795b-8129-1221c347a962","01968265-dd3a-7ecf-97ba-98a42721ed68",CypressTC3 – Streamer Test,"123",2025-05-14 00:00:00.000,"190102835419|GLO|SPEC-00013823|16|<=|1.00|||<=1.00||PASS","944220","307511-BIO","19970928",IC TOC SAMPLE CV1,TOC (Swab),"5°C/25°C/60%RH","0 months","0.14","0.141",ppm,GLO,<=1.00,Pass,"TV-TEC-59102, TV-TEC-67340",Cork_API-L,Cork_API-L
"01968265-dd3a-7ecf-97ba-98a42721ed68-0196c2aa-85aa-74c8-b0f8-d739aee88ffe-123-190102975215|GLO|SPEC-00014195|19|In|<= B2;<= B3;<= B4;<= B5;<= B6;<= B7;<= B8;<= B9;COLORLESS|||COLORLESS TO ≤ B2||PASS","0196c2aa-85aa-74c8-b0f8-d739aee88ffe","01968265-dd3a-7ecf-97ba-98a42721ed68",CypressTC3 – Streamer Test,"123",2025-05-14 00:00:00.000,"190102975215|GLO|SPEC-00014195|19|In|<= B2;<= B3;<= B4;<= B5;<= B6;<= B7;<= B8;<= B9;COLORLESS|||COLORLESS TO ≤ B2||PASS","944220","307511-BIO","90031474",COLOUR SOLUTION,Brown Series (Standard B),"5°C/25°C/60%RH","0 months",<= B9,<= B9,,GLO,COLORLESS TO ≤ B2,Pass,"TV-SPEC-16223, DS-SPE-24449",Cork_API-L,Cork_API-L
"01968265-dd3a-7ecf-97ba-98a42721ed68-0196c2aa-8838-7fa7-80cc-6b8a240a9db3-123-190102975689|CHAR|SPEC-00014195|23|Not In|-99999|||REPORT RESULTS||PASS","0196c2aa-8838-7fa7-80cc-6b8a240a9db3","01968265-dd3a-7ecf-97ba-98a42721ed68",CypressTC3 – Streamer Test,"123",2025-05-14 00:00:00.000,"190102975689|CHAR|SPEC-00014195|23|Not In|-99999|||REPORT RESULTS||PASS","944220","307511-BIO","90031504",OLIGOSACCHARIDE MAP,Oligosaccharide Map Using Reversed Phase HPLC,"5°C/25°C/60%RH","0 months",CNTO 4424-n001-03699,CNTO 4424-n001-03699,,CHAR,REPORT RESULTS,Pass,"TV-SPEC-16223, DS-SPE-24449",Cork_API-L,Cork_API-L
"01968265-dd3a-7ecf-97ba-98a42721ed68-0196c2aa-8ad1-7e31-9e73-24d327c971a5-123-190102536409|GLO|SPEC-00013823|15|<=|1.00|||<=1.00||PASS","0196c2aa-8ad1-7e31-9e73-24d327c971a5","01968265-dd3a-7ecf-97ba-98a42721ed68",CypressTC3 – Streamer Test,"123",2025-05-14 00:00:00.000,"190102536409|GLO|SPEC-00013823|15|<=|1.00|||<=1.00||PASS","944220","307511-BIO","19970806",TOC 1,TOC (Swab),"5°C/25°C/60%RH","0 months","0.33","0.3310",ppm,GLO,<=1.00,Pass,"TV-TEC-59102, TV-TEC-67340",Cork_API-L,Cork_API-L
"01968265-dd3a-7ecf-97ba-98a42721ed68-0196c2aa-a9cd-7179-9e60-4d818b258714-123-230164316428|INH|SPEC-00014195|24|>|-99999|||REPORT RESULTS||PASS","0196c2aa-a9cd-7179-9e60-4d818b258714","01968265-dd3a-7ecf-97ba-98a42721ed68",CypressTC3 – Streamer Test,"123",2025-05-14 00:00:00.000,"230164316428|INH|SPEC-00014195|24|>|-99999|||REPORT RESULTS||PASS","944220","307511-BIO","90031473",IC ENDTOX SAMPLE,A280 Result,"5°C/25°C/60%RH","0 months","50.4","50.4",,INH,REPORT RESULTS,Pass,"TV-SPEC-16223, DS-SPE-24449",Cork_API-L,Cork_API-L
"01968265-dd3a-7ecf-97ba-98a42721ed68-0196c2aa-aa4f-7d72-becd-e674424db857-123-190102845295|GLO|SPEC-00013823|16|<=|1.00|||<=1.00||PASS","0196c2aa-aa4f-7d72-becd-e674424db857","01968265-dd3a-7ecf-97ba-98a42721ed68",CypressTC3 – Streamer Test,"123",2025-05-14 00:00:00.000,"190102845295|GLO|SPEC-00013823|16|<=|1.00|||<=1.00||PASS","944220","307511-BIO","19970814",IC TOC SAMPLE CV1,TOC (Swab),"5°C/25°C/60%RH","0 months","0.28","0.28",ppm,GLO,<=1.00,Pass,"TV-TEC-59102, TV-TEC-67340",Cork_API-L,Cork_API-L
"01968265-dd3a-7ecf-97ba-98a42721ed68-0196c2aa-b0c6-716d-ba15-3e9b0f8efde3-123-190102536411|GLO|SPEC-00013823|15|<=|1.00|||<=1.00||PASS","0196c2aa-b0c6-716d-ba15-3e9b0f8efde3","01968265-dd3a-7ecf-97ba-98a42721ed68",CypressTC3 – Streamer Test,"123",2025-05-14 00:00:00.000,"190102536411|GLO|SPEC-00013823|15|<=|1.00|||<=1.00||PASS","944220","307511-BIO","19970807",TOC 1,TOC (Swab),"5°C/25°C/60%RH","0 months","0.30","0.3030",ppm,GLO,<=1.00,Pass,"TV-TEC-59102, TV-TEC-67340",Cork_API-L,Cork_API-L
"01968265-dd3a-7ecf-97ba-98a42721ed68-0196c2aa-bd04-751a-9948-4c8bdde09c60-123-190102975273|GLO|SPEC-00014195|24|>=|45|||>=45|ADO1 C19250870|PASS","0196c2aa-bd04-751a-9948-4c8bdde09c60","01968265-dd3a-7ecf-97ba-98a42721ed68",CypressTC3 – Streamer Test,"123",2025-05-14 00:00:00.000,"190102975273|GLO|SPEC-00014195|24|>=|45|||>=45|ADO1 C19250870|PASS","944220","307511-BIO","90031478",CIEF,Main Peak,"5°C/25°C/60%RH","0 months","63","63.42",%,GLO,>=45,Pass,"TV-SPEC-16223, DS-SPE-24449",Cork_API-L,Cork_API-L
