"primary_key","object_id","product_family_id","product_family_name","product_family_number","laststreameddate","o_p_batch_code","o_p_localized_batch_code","o_p_product_code","o_p_product_code_description","o_p_product_type","o_p_plant_code","o_p_plant_name","o_p_source_system","last_good_receipt","o_p_process_stage","o_p_process_step","discovery_method","flow_id","flow_type","next_flow_id","previous_flow_id"
"01966ca2-7ddd-7085-bc3d-0966f1ce7f5a-0195c70d-9640-74bf-8e06-dab7ee9fab1e-1234-977576C005","0195c70d-9640-74bf-8e06-dab7ee9fab1e","01966ca2-7ddd-7085-bc3d-0966f1ce7f5a",CypressTC2 – Streamer Test,"1234",2025-05-12 00:00:00.000,"977576C005","977576C005","309890",JNJ61186372 160G L FB,Final API,CO01,MFG Cork,STN,Sat May 08 00:00:00 EDT 2021,,ROOM_1/ROOM_2/ROOM_3/ROOM_4/SKID_1/ROOM_5/CHROMATOGRAPHY SKID_1/CHROMATOGRAPHY SKID_2/STAINLESS STEEL VESSEL/SKID_2/MIXER/SKID_3/ROOM_6,DETERMINISTIC,"4219181",Internal Conversion,"36435505","37115609"
"01966ca2-7ddd-7085-bc3d-0966f1ce7f5a-0195c70d-ac07-75db-ba98-d30da2647446-1234-976490C005","0195c70d-ac07-75db-ba98-d30da2647446","01966ca2-7ddd-7085-bc3d-0966f1ce7f5a",CypressTC2 – Streamer Test,"1234",2025-05-12 00:00:00.000,"976490C005","976490C005","309890",JNJ61186372 160G L FB,Final API,CO01,MFG Cork,STN,Wed May 05 00:00:00 EDT 2021,,ROOM_1/ROOM_2/ROOM_3/ROOM_4/SKID_1/ROOM_5/CHROMATOGRAPHY SKID_1/CHROMATOGRAPHY SKID_2/STAINLESS STEEL VESSEL/SKID_2/MIXER/SKID_3/ROOM_6,DETERMINISTIC,"6065741",Internal Conversion,"34305898",
"01966ca2-7ddd-7085-bc3d-0966f1ce7f5a-0195c70d-c051-7617-961b-cd69b5ae4ff0-1234-977576C004","0195c70d-c051-7617-961b-cd69b5ae4ff0","01966ca2-7ddd-7085-bc3d-0966f1ce7f5a",CypressTC2 – Streamer Test,"1234",2025-05-12 00:00:00.000,"977576C004","977576C004","309890",JNJ61186372 160G L FB,Final API,CO01,MFG Cork,STN,Sat May 08 00:00:00 EDT 2021,,ROOM_1/ROOM_2/ROOM_3/ROOM_4/SKID_1/ROOM_5/CHROMATOGRAPHY SKID_1/CHROMATOGRAPHY SKID_2/STAINLESS STEEL VESSEL/SKID_2/MIXER/SKID_3/ROOM_6,DETERMINISTIC,"4233901",Internal Conversion,"38395359","25615097"
"01966ca2-7ddd-7085-bc3d-0966f1ce7f5a-0195c70d-c094-7572-be35-7336b919c470-1234-977136C005","0195c70d-c094-7572-be35-7336b919c470","01966ca2-7ddd-7085-bc3d-0966f1ce7f5a",CypressTC2 – Streamer Test,"1234",2025-05-12 00:00:00.000,"977136C005","977136C005","309890",JNJ61186372 160G L FB,Final API,CO01,MFG Cork,STN,Sun May 02 00:00:00 EDT 2021,,ROOM_1/ROOM_2/ROOM_3/ROOM_4/SKID_1/ROOM_5/CHROMATOGRAPHY SKID_1/CHROMATOGRAPHY SKID_2/STAINLESS STEEL VESSEL/SKID_2/MIXER/SKID_3/ROOM_6,DETERMINISTIC,"11986141",Internal Conversion,"31885692","23769613"
"01966ca2-7ddd-7085-bc3d-0966f1ce7f5a-0195c70d-d266-7bdc-8910-ff31a0ed58f7-1234-977576C006","0195c70d-d266-7bdc-8910-ff31a0ed58f7","01966ca2-7ddd-7085-bc3d-0966f1ce7f5a",CypressTC2 – Streamer Test,"1234",2025-05-12 00:00:00.000,"977576C006","977576C006","309890",JNJ61186372 160G L FB,Final API,CO01,MFG Cork,STN,Sat May 08 00:00:00 EDT 2021,,ROOM_1/ROOM_2/ROOM_3/ROOM_4/SKID_1/ROOM_5/CHROMATOGRAPHY SKID_1/CHROMATOGRAPHY SKID_2/STAINLESS STEEL VESSEL/SKID_2/MIXER/SKID_3/ROOM_6,DETERMINISTIC,"8446901",Internal Conversion,"20739351","34001960"
"01966ca2-7ddd-7085-bc3d-0966f1ce7f5a-0195c70d-e951-77f0-a7aa-698ed7b92693-1234-977136C005","0195c70d-e951-77f0-a7aa-698ed7b92693","01966ca2-7ddd-7085-bc3d-0966f1ce7f5a",CypressTC2 – Streamer Test,"1234",2025-05-12 00:00:00.000,"977136C005","977136C005","309890",JNJ61186372 160G L FB,Final API,CO01,MFG Cork,STN,Sun May 02 00:00:00 EDT 2021,,ROOM_1/ROOM_2/ROOM_3/ROOM_4/SKID_1/ROOM_5/CHROMATOGRAPHY SKID_1/CHROMATOGRAPHY SKID_2/STAINLESS STEEL VESSEL/SKID_2/MIXER/SKID_3/ROOM_6,DETERMINISTIC,"9124901",Internal Conversion,"31885692","32627766"
"01966ca2-7ddd-7085-bc3d-0966f1ce7f5a-0195c70e-03d4-7371-a1ce-0936f64ef84f-1234-976490C001","0195c70e-03d4-7371-a1ce-0936f64ef84f","01966ca2-7ddd-7085-bc3d-0966f1ce7f5a",CypressTC2 – Streamer Test,"1234",2025-05-12 00:00:00.000,"976490C001","976490C001","309890",JNJ61186372 160G L FB,Final API,CO01,MFG Cork,STN,Wed May 05 00:00:00 EDT 2021,,ROOM_1/ROOM_2/ROOM_3/ROOM_4/SKID_1/ROOM_5/CHROMATOGRAPHY SKID_1/CHROMATOGRAPHY SKID_2/STAINLESS STEEL VESSEL/SKID_2/MIXER/SKID_3/ROOM_6,DETERMINISTIC,"11400061",Internal Conversion,"28616182","39150928"
"01966ca2-7ddd-7085-bc3d-0966f1ce7f5a-0195c70e-757b-7f1f-b40f-82667fcc670e-1234-977576C006","0195c70e-757b-7f1f-b40f-82667fcc670e","01966ca2-7ddd-7085-bc3d-0966f1ce7f5a",CypressTC2 – Streamer Test,"1234",2025-05-12 00:00:00.000,"977576C006","977576C006","309890",JNJ61186372 160G L FB,Final API,CO01,MFG Cork,STN,Sat May 08 00:00:00 EDT 2021,,ROOM_1/ROOM_2/ROOM_3/ROOM_4/SKID_1/ROOM_5/CHROMATOGRAPHY SKID_1/CHROMATOGRAPHY SKID_2/STAINLESS STEEL VESSEL/SKID_2/MIXER/SKID_3/ROOM_6,DETERMINISTIC,"4215921",Internal Conversion,"20739351","27737586"
"01966ca2-7ddd-7085-bc3d-0966f1ce7f5a-0195c70e-7b35-7bb8-8222-885395fbaa23-1234-976490C003","0195c70e-7b35-7bb8-8222-885395fbaa23","01966ca2-7ddd-7085-bc3d-0966f1ce7f5a",CypressTC2 – Streamer Test,"1234",2025-05-12 00:00:00.000,"976490C003","976490C003","309890",JNJ61186372 160G L FB,Final API,CO01,MFG Cork,STN,Wed May 05 00:00:00 EDT 2021,,ROOM_1/ROOM_2/ROOM_3/ROOM_4/SKID_1/ROOM_5/CHROMATOGRAPHY SKID_1/CHROMATOGRAPHY SKID_2/STAINLESS STEEL VESSEL/SKID_2/MIXER/SKID_3/ROOM_6,DETERMINISTIC,"4127371",Internal Conversion,"28616195","39574686"
"01966ca2-7ddd-7085-bc3d-0966f1ce7f5a-0195c70e-8893-71c0-a838-8bf3975c3207-1234-976490C002","0195c70e-8893-71c0-a838-8bf3975c3207","01966ca2-7ddd-7085-bc3d-0966f1ce7f5a",CypressTC2 – Streamer Test,"1234",2025-05-12 00:00:00.000,"976490C002","976490C002","309890",JNJ61186372 160G L FB,Final API,CO01,MFG Cork,STN,Wed May 05 00:00:00 EDT 2021,,ROOM_1/ROOM_2/ROOM_3/ROOM_4/SKID_1/ROOM_5/CHROMATOGRAPHY SKID_1/CHROMATOGRAPHY SKID_2/STAINLESS STEEL VESSEL/SKID_2/MIXER/SKID_3/ROOM_6,DETERMINISTIC,"11642341",Internal Conversion,"34425656","20432178"
"01966ca2-7ddd-7085-bc3d-0966f1ce7f5a-0195c70e-ce74-7df8-9316-3f800bddd534-1234-977576C003","0195c70e-ce74-7df8-9316-3f800bddd534","01966ca2-7ddd-7085-bc3d-0966f1ce7f5a",CypressTC2 – Streamer Test,"1234",2025-05-12 00:00:00.000,"977576C003","977576C003","309890",JNJ61186372 160G L FB,Final API,CO01,MFG Cork,STN,Sat May 08 00:00:00 EDT 2021,,ROOM_1/ROOM_2/ROOM_3/ROOM_4/SKID_1/ROOM_5/CHROMATOGRAPHY SKID_1/CHROMATOGRAPHY SKID_2/STAINLESS STEEL VESSEL/SKID_2/MIXER/SKID_3/ROOM_6,DETERMINISTIC,"6122251",Internal Conversion,"30664312","31157349"
"01966ca2-7ddd-7085-bc3d-0966f1ce7f5a-0195c70e-e0af-726f-9bf7-28f616d96d23-1234-976490C005","0195c70e-e0af-726f-9bf7-28f616d96d23","01966ca2-7ddd-7085-bc3d-0966f1ce7f5a",CypressTC2 – Streamer Test,"1234",2025-05-12 00:00:00.000,"976490C005","976490C005","309890",JNJ61186372 160G L FB,Final API,CO01,MFG Cork,STN,Wed May 05 00:00:00 EDT 2021,,ROOM_1/ROOM_2/ROOM_3/ROOM_4/SKID_1/ROOM_5/CHROMATOGRAPHY SKID_1/CHROMATOGRAPHY SKID_2/STAINLESS STEEL VESSEL/SKID_2/MIXER/SKID_3/ROOM_6,DETERMINISTIC,"6215121",Internal Conversion,"34305898","18394813"
"01966ca2-7ddd-7085-bc3d-0966f1ce7f5a-0195c70e-f939-774c-8711-aa5a5e4472d7-1234-976490C001","0195c70e-f939-774c-8711-aa5a5e4472d7","01966ca2-7ddd-7085-bc3d-0966f1ce7f5a",CypressTC2 – Streamer Test,"1234",2025-05-12 00:00:00.000,"976490C001","976490C001","309890",JNJ61186372 160G L FB,Final API,CO01,MFG Cork,STN,Wed May 05 00:00:00 EDT 2021,,ROOM_1/ROOM_2/ROOM_3/ROOM_4/SKID_1/ROOM_5/CHROMATOGRAPHY SKID_1/CHROMATOGRAPHY SKID_2/STAINLESS STEEL VESSEL/SKID_2/MIXER/SKID_3/ROOM_6,DETERMINISTIC,"5621251",Internal Conversion,"28616182","19708621"
"01966ca2-7ddd-7085-bc3d-0966f1ce7f5a-0195c70f-0516-7dce-a774-dbcd70a3066b-1234-976490C004","0195c70f-0516-7dce-a774-dbcd70a3066b","01966ca2-7ddd-7085-bc3d-0966f1ce7f5a",CypressTC2 – Streamer Test,"1234",2025-05-12 00:00:00.000,"976490C004","976490C004","309890",JNJ61186372 160G L FB,Final API,CO01,MFG Cork,STN,Wed May 05 00:00:00 EDT 2021,,ROOM_1/ROOM_2/ROOM_3/ROOM_4/SKID_1/ROOM_5/CHROMATOGRAPHY SKID_1/CHROMATOGRAPHY SKID_2/STAINLESS STEEL VESSEL/SKID_2/MIXER/SKID_3/ROOM_6,DETERMINISTIC,"6781661",Internal Conversion,"19050686","39695869"
"01966ca2-7ddd-7085-bc3d-0966f1ce7f5a-0195c70f-10d1-7e70-8d43-96e268bff991-1234-977136C005","0195c70f-10d1-7e70-8d43-96e268bff991","01966ca2-7ddd-7085-bc3d-0966f1ce7f5a",CypressTC2 – Streamer Test,"1234",2025-05-12 00:00:00.000,"977136C005","977136C005","309890",JNJ61186372 160G L FB,Final API,CO01,MFG Cork,STN,Sun May 02 00:00:00 EDT 2021,,ROOM_1/ROOM_2/ROOM_3/ROOM_4/SKID_1/ROOM_5/CHROMATOGRAPHY SKID_1/CHROMATOGRAPHY SKID_2/STAINLESS STEEL VESSEL/SKID_2/MIXER/SKID_3/ROOM_6,DETERMINISTIC,"6297471",Internal Conversion,"31885692","30901790"
"01966ca2-7ddd-7085-bc3d-0966f1ce7f5a-0195c70f-485f-7277-9f9c-374ad0a7dbb9-1234-977576C001","0195c70f-485f-7277-9f9c-374ad0a7dbb9","01966ca2-7ddd-7085-bc3d-0966f1ce7f5a",CypressTC2 – Streamer Test,"1234",2025-05-12 00:00:00.000,"977576C001","977576C001","309890",JNJ61186372 160G L FB,Final API,CO01,MFG Cork,STN,Sat May 08 00:00:00 EDT 2021,,ROOM_1/ROOM_2/ROOM_3/ROOM_4/SKID_1/ROOM_5/CHROMATOGRAPHY SKID_1/CHROMATOGRAPHY SKID_2/STAINLESS STEEL VESSEL/SKID_2/MIXER/SKID_3/ROOM_6,DETERMINISTIC,"6222791",Internal Conversion,"38395356","18931521"
"01966ca2-7ddd-7085-bc3d-0966f1ce7f5a-0195c70f-743c-7cbf-9069-7773e2aabe31-1234-977576C004","0195c70f-743c-7cbf-9069-7773e2aabe31","01966ca2-7ddd-7085-bc3d-0966f1ce7f5a",CypressTC2 – Streamer Test,"1234",2025-05-12 00:00:00.000,"977576C004","977576C004","309890",JNJ61186372 160G L FB,Final API,CO01,MFG Cork,STN,Sat May 08 00:00:00 EDT 2021,,ROOM_1/ROOM_2/ROOM_3/ROOM_4/SKID_1/ROOM_5/CHROMATOGRAPHY SKID_1/CHROMATOGRAPHY SKID_2/STAINLESS STEEL VESSEL/SKID_2/MIXER/SKID_3/ROOM_6,DETERMINISTIC,"7851951",Internal Conversion,"38395359","38808141"
"01966ca2-7ddd-7085-bc3d-0966f1ce7f5a-0195c710-286a-7950-9120-7aed1cadd3d0-1234-977136C005","0195c710-286a-7950-9120-7aed1cadd3d0","01966ca2-7ddd-7085-bc3d-0966f1ce7f5a",CypressTC2 – Streamer Test,"1234",2025-05-12 00:00:00.000,"977136C005","977136C005","309890",JNJ61186372 160G L FB,Final API,CO01,MFG Cork,STN,Sun May 02 00:00:00 EDT 2021,,ROOM_1/ROOM_2/ROOM_3/ROOM_4/SKID_1/ROOM_5/CHROMATOGRAPHY SKID_1/CHROMATOGRAPHY SKID_2/STAINLESS STEEL VESSEL/SKID_2/MIXER/SKID_3/ROOM_6,DETERMINISTIC,"10903441",Internal Conversion,"31885692","23315474"
"01966ca2-7ddd-7085-bc3d-0966f1ce7f5a-0195c710-2e58-7b8d-b728-cc3585d5428f-1234-976490C002","0195c710-2e58-7b8d-b728-cc3585d5428f","01966ca2-7ddd-7085-bc3d-0966f1ce7f5a",CypressTC2 – Streamer Test,"1234",2025-05-12 00:00:00.000,"976490C002","976490C002","309890",JNJ61186372 160G L FB,Final API,CO01,MFG Cork,STN,Wed May 05 00:00:00 EDT 2021,,ROOM_1/ROOM_2/ROOM_3/ROOM_4/SKID_1/ROOM_5/CHROMATOGRAPHY SKID_1/CHROMATOGRAPHY SKID_2/STAINLESS STEEL VESSEL/SKID_2/MIXER/SKID_3/ROOM_6,DETERMINISTIC,"11832631",Internal Conversion,"34425656","33927187"
"01966ca2-7ddd-7085-bc3d-0966f1ce7f5a-0195c710-381b-7d5f-917c-d3d6d2a070c2-1234-977576C004","0195c710-381b-7d5f-917c-d3d6d2a070c2","01966ca2-7ddd-7085-bc3d-0966f1ce7f5a",CypressTC2 – Streamer Test,"1234",2025-05-12 00:00:00.000,"977576C004","977576C004","309890",JNJ61186372 160G L FB,Final API,CO01,MFG Cork,STN,Sat May 08 00:00:00 EDT 2021,,ROOM_1/ROOM_2/ROOM_3/ROOM_4/SKID_1/ROOM_5/CHROMATOGRAPHY SKID_1/CHROMATOGRAPHY SKID_2/STAINLESS STEEL VESSEL/SKID_2/MIXER/SKID_3/ROOM_6,DETERMINISTIC,"12483781",Internal Conversion,"38395359","30115825"
"01966ca2-7ddd-7085-bc3d-0966f1ce7f5a-0195c710-49e9-7811-9cf5-5ba3ac9a14d1-1234-976490C002","0195c710-49e9-7811-9cf5-5ba3ac9a14d1","01966ca2-7ddd-7085-bc3d-0966f1ce7f5a",CypressTC2 – Streamer Test,"1234",2025-05-12 00:00:00.000,"976490C002","976490C002","309890",JNJ61186372 160G L FB,Final API,CO01,MFG Cork,STN,Wed May 05 00:00:00 EDT 2021,,ROOM_1/ROOM_2/ROOM_3/ROOM_4/SKID_1/ROOM_5/CHROMATOGRAPHY SKID_1/CHROMATOGRAPHY SKID_2/STAINLESS STEEL VESSEL/SKID_2/MIXER/SKID_3/ROOM_6,DETERMINISTIC,"11574311",Internal Conversion,"34425656","35306002"
"01966ca2-7ddd-7085-bc3d-0966f1ce7f5a-0195c710-60fe-7d1c-83c5-8c0b778f2d34-1234-977576C004","0195c710-60fe-7d1c-83c5-8c0b778f2d34","01966ca2-7ddd-7085-bc3d-0966f1ce7f5a",CypressTC2 – Streamer Test,"1234",2025-05-12 00:00:00.000,"977576C004","977576C004","309890",JNJ61186372 160G L FB,Final API,CO01,MFG Cork,STN,Sat May 08 00:00:00 EDT 2021,,ROOM_1/ROOM_2/ROOM_3/ROOM_4/SKID_1/ROOM_5/CHROMATOGRAPHY SKID_1/CHROMATOGRAPHY SKID_2/STAINLESS STEEL VESSEL/SKID_2/MIXER/SKID_3/ROOM_6,DETERMINISTIC,"11924211",Internal Conversion,"38395359","27234091"
"01966ca2-7ddd-7085-bc3d-0966f1ce7f5a-0195c710-62ec-7074-898d-d08faa907b8a-1234-977576C001","0195c710-62ec-7074-898d-d08faa907b8a","01966ca2-7ddd-7085-bc3d-0966f1ce7f5a",CypressTC2 – Streamer Test,"1234",2025-05-12 00:00:00.000,"977576C001","977576C001","309890",JNJ61186372 160G L FB,Final API,CO01,MFG Cork,STN,Sat May 08 00:00:00 EDT 2021,,ROOM_1/ROOM_2/ROOM_3/ROOM_4/SKID_1/ROOM_5/CHROMATOGRAPHY SKID_1/CHROMATOGRAPHY SKID_2/STAINLESS STEEL VESSEL/SKID_2/MIXER/SKID_3/ROOM_6,DETERMINISTIC,"12139511",Internal Conversion,"38395356","23138304"
"01966ca2-7ddd-7085-bc3d-0966f1ce7f5a-0195c710-746e-7ac6-88cd-bd6560d6f0aa-1234-977136C005","0195c710-746e-7ac6-88cd-bd6560d6f0aa","01966ca2-7ddd-7085-bc3d-0966f1ce7f5a",CypressTC2 – Streamer Test,"1234",2025-05-12 00:00:00.000,"977136C005","977136C005","309890",JNJ61186372 160G L FB,Final API,CO01,MFG Cork,STN,Sun May 02 00:00:00 EDT 2021,,ROOM_1/ROOM_2/ROOM_3/ROOM_4/SKID_1/ROOM_5/CHROMATOGRAPHY SKID_1/CHROMATOGRAPHY SKID_2/STAINLESS STEEL VESSEL/SKID_2/MIXER/SKID_3/ROOM_6,DETERMINISTIC,"11567621",Internal Conversion,"31885692","35343173"
"01966ca2-7ddd-7085-bc3d-0966f1ce7f5a-0195c710-b046-7b68-95d0-59b6c59c4881-1234-976490C002","0195c710-b046-7b68-95d0-59b6c59c4881","01966ca2-7ddd-7085-bc3d-0966f1ce7f5a",CypressTC2 – Streamer Test,"1234",2025-05-12 00:00:00.000,"976490C002","976490C002","309890",JNJ61186372 160G L FB,Final API,CO01,MFG Cork,STN,Wed May 05 00:00:00 EDT 2021,,ROOM_1/ROOM_2/ROOM_3/ROOM_4/SKID_1/ROOM_5/CHROMATOGRAPHY SKID_1/CHROMATOGRAPHY SKID_2/STAINLESS STEEL VESSEL/SKID_2/MIXER/SKID_3/ROOM_6,DETERMINISTIC,"11642301",Internal Conversion,"34425656","20432266"
"01966ca2-7ddd-7085-bc3d-0966f1ce7f5a-0195c710-c173-7e9f-9781-c572d6535402-1234-976490C001","0195c710-c173-7e9f-9781-c572d6535402","01966ca2-7ddd-7085-bc3d-0966f1ce7f5a",CypressTC2 – Streamer Test,"1234",2025-05-12 00:00:00.000,"976490C001","976490C001","309890",JNJ61186372 160G L FB,Final API,CO01,MFG Cork,STN,Wed May 05 00:00:00 EDT 2021,,ROOM_1/ROOM_2/ROOM_3/ROOM_4/SKID_1/ROOM_5/CHROMATOGRAPHY SKID_1/CHROMATOGRAPHY SKID_2/STAINLESS STEEL VESSEL/SKID_2/MIXER/SKID_3/ROOM_6,DETERMINISTIC,"14533861",Internal Conversion,"28616182","20970774"
"01966ca2-7ddd-7085-bc3d-0966f1ce7f5a-0195c710-d025-7587-a4fc-007eb7653ad8-1234-977576C001","0195c710-d025-7587-a4fc-007eb7653ad8","01966ca2-7ddd-7085-bc3d-0966f1ce7f5a",CypressTC2 – Streamer Test,"1234",2025-05-12 00:00:00.000,"977576C001","977576C001","309890",JNJ61186372 160G L FB,Final API,CO01,MFG Cork,STN,Sat May 08 00:00:00 EDT 2021,,ROOM_1/ROOM_2/ROOM_3/ROOM_4/SKID_1/ROOM_5/CHROMATOGRAPHY SKID_1/CHROMATOGRAPHY SKID_2/STAINLESS STEEL VESSEL/SKID_2/MIXER/SKID_3/ROOM_6,DETERMINISTIC,"12504291",Internal Conversion,"38395356","24434038"
"01966ca2-7ddd-7085-bc3d-0966f1ce7f5a-0195c711-20d0-71f9-8add-b9e1bfad2b5b-1234-977136C005","0195c711-20d0-71f9-8add-b9e1bfad2b5b","01966ca2-7ddd-7085-bc3d-0966f1ce7f5a",CypressTC2 – Streamer Test,"1234",2025-05-12 00:00:00.000,"977136C005","977136C005","309890",JNJ61186372 160G L FB,Final API,CO01,MFG Cork,STN,Sun May 02 00:00:00 EDT 2021,,ROOM_1/ROOM_2/ROOM_3/ROOM_4/SKID_1/ROOM_5/CHROMATOGRAPHY SKID_1/CHROMATOGRAPHY SKID_2/STAINLESS STEEL VESSEL/SKID_2/MIXER/SKID_3/ROOM_6,DETERMINISTIC,"13831731",Internal Conversion,"31885692","30195650"
"01966ca2-7ddd-7085-bc3d-0966f1ce7f5a-0195c711-2796-7022-9a9e-b3d9f813d99a-1234-976490C004","0195c711-2796-7022-9a9e-b3d9f813d99a","01966ca2-7ddd-7085-bc3d-0966f1ce7f5a",CypressTC2 – Streamer Test,"1234",2025-05-12 00:00:00.000,"976490C004","976490C004","309890",JNJ61186372 160G L FB,Final API,CO01,MFG Cork,STN,Wed May 05 00:00:00 EDT 2021,,ROOM_1/ROOM_2/ROOM_3/ROOM_4/SKID_1/ROOM_5/CHROMATOGRAPHY SKID_1/CHROMATOGRAPHY SKID_2/STAINLESS STEEL VESSEL/SKID_2/MIXER/SKID_3/ROOM_6,DETERMINISTIC,"15073331",Internal Conversion,"19050686","38575823"
"01966ca2-7ddd-7085-bc3d-0966f1ce7f5a-0195c711-33a8-7e89-a7e4-c85e56304c12-1234-976490C005","0195c711-33a8-7e89-a7e4-c85e56304c12","01966ca2-7ddd-7085-bc3d-0966f1ce7f5a",CypressTC2 – Streamer Test,"1234",2025-05-12 00:00:00.000,"976490C005","976490C005","309890",JNJ61186372 160G L FB,Final API,CO01,MFG Cork,STN,Wed May 05 00:00:00 EDT 2021,,ROOM_1/ROOM_2/ROOM_3/ROOM_4/SKID_1/ROOM_5/CHROMATOGRAPHY SKID_1/CHROMATOGRAPHY SKID_2/STAINLESS STEEL VESSEL/SKID_2/MIXER/SKID_3/ROOM_6,DETERMINISTIC,"14461881",Internal Conversion,"34305898","24023548"
"01966ca2-7ddd-7085-bc3d-0966f1ce7f5a-0195c711-4d0d-71cf-be78-1bf23fc32878-1234-977136C005","0195c711-4d0d-71cf-be78-1bf23fc32878","01966ca2-7ddd-7085-bc3d-0966f1ce7f5a",CypressTC2 – Streamer Test,"1234",2025-05-12 00:00:00.000,"977136C005","977136C005","309890",JNJ61186372 160G L FB,Final API,CO01,MFG Cork,STN,Sun May 02 00:00:00 EDT 2021,,ROOM_1/ROOM_2/ROOM_3/ROOM_4/SKID_1/ROOM_5/CHROMATOGRAPHY SKID_1/CHROMATOGRAPHY SKID_2/STAINLESS STEEL VESSEL/SKID_2/MIXER/SKID_3/ROOM_6,DETERMINISTIC,"14907761",Internal Conversion,"31885692","21469001"
"01966ca2-7ddd-7085-bc3d-0966f1ce7f5a-0195c711-9583-707e-9eb8-3ffca2fd9aac-1234-976490C004","0195c711-9583-707e-9eb8-3ffca2fd9aac","01966ca2-7ddd-7085-bc3d-0966f1ce7f5a",CypressTC2 – Streamer Test,"1234",2025-05-12 00:00:00.000,"976490C004","976490C004","309890",JNJ61186372 160G L FB,Final API,CO01,MFG Cork,STN,Wed May 05 00:00:00 EDT 2021,,ROOM_1/ROOM_2/ROOM_3/ROOM_4/SKID_1/ROOM_5/CHROMATOGRAPHY SKID_1/CHROMATOGRAPHY SKID_2/STAINLESS STEEL VESSEL/SKID_2/MIXER/SKID_3/ROOM_6,DETERMINISTIC,"15592061",Internal Conversion,"19050686","38310312"
"01966ca2-7ddd-7085-bc3d-0966f1ce7f5a-0195c713-3a00-7994-a906-d7a4016ad621-1234-977136C005","0195c713-3a00-7994-a906-d7a4016ad621","01966ca2-7ddd-7085-bc3d-0966f1ce7f5a",CypressTC2 – Streamer Test,"1234",2025-05-12 00:00:00.000,"977136C005","977136C005","309890",JNJ61186372 160G L FB,Final API,CO01,MFG Cork,STN,Sun May 02 00:00:00 EDT 2021,,ROOM_1/ROOM_2/ROOM_3/ROOM_4/SKID_1/ROOM_5/CHROMATOGRAPHY SKID_1/CHROMATOGRAPHY SKID_2/STAINLESS STEEL VESSEL/SKID_2/MIXER/SKID_3/ROOM_6,DETERMINISTIC,"6085261",Internal Conversion,"31885692","29702318"
"01966ca2-7ddd-7085-bc3d-0966f1ce7f5a-0195c713-4561-79b0-a229-315d932aca2b-1234-976490C002","0195c713-4561-79b0-a229-315d932aca2b","01966ca2-7ddd-7085-bc3d-0966f1ce7f5a",CypressTC2 – Streamer Test,"1234",2025-05-12 00:00:00.000,"976490C002","976490C002","309890",JNJ61186372 160G L FB,Final API,CO01,MFG Cork,STN,Wed May 05 00:00:00 EDT 2021,,ROOM_1/ROOM_2/ROOM_3/ROOM_4/SKID_1/ROOM_5/CHROMATOGRAPHY SKID_1/CHROMATOGRAPHY SKID_2/STAINLESS STEEL VESSEL/SKID_2/MIXER/SKID_3/ROOM_6,DETERMINISTIC,"6207631",Internal Conversion,"34425656",
"01966ca2-7ddd-7085-bc3d-0966f1ce7f5a-0195c715-7848-78d2-84be-0bd30ccc3409-1234-977136C005","0195c715-7848-78d2-84be-0bd30ccc3409","01966ca2-7ddd-7085-bc3d-0966f1ce7f5a",CypressTC2 – Streamer Test,"1234",2025-05-12 00:00:00.000,"977136C005","977136C005","309890",JNJ61186372 160G L FB,Final API,CO01,MFG Cork,STN,Sun May 02 00:00:00 EDT 2021,,ROOM_1/ROOM_2/ROOM_3/ROOM_4/SKID_1/ROOM_5/CHROMATOGRAPHY SKID_1/CHROMATOGRAPHY SKID_2/STAINLESS STEEL VESSEL/SKID_2/MIXER/SKID_3/ROOM_6,DETERMINISTIC,"8446011",Internal Conversion,"31885692","32307181"
"01966ca2-7ddd-7085-bc3d-0966f1ce7f5a-0195c716-66c0-7a6a-9168-d19608d102f4-1234-976490C002","0195c716-66c0-7a6a-9168-d19608d102f4","01966ca2-7ddd-7085-bc3d-0966f1ce7f5a",CypressTC2 – Streamer Test,"1234",2025-05-12 00:00:00.000,"976490C002","976490C002","309890",JNJ61186372 160G L FB,Final API,CO01,MFG Cork,STN,Wed May 05 00:00:00 EDT 2021,,ROOM_1/ROOM_2/ROOM_3/ROOM_4/SKID_1/ROOM_5/CHROMATOGRAPHY SKID_1/CHROMATOGRAPHY SKID_2/STAINLESS STEEL VESSEL/SKID_2/MIXER/SKID_3/ROOM_6,DETERMINISTIC,"15688261",Internal Conversion,"34425656","21890789"
"01966ca2-7ddd-7085-bc3d-0966f1ce7f5a-0195c717-4bba-7f55-bb29-5d7179d546a9-1234-976490C005","0195c717-4bba-7f55-bb29-5d7179d546a9","01966ca2-7ddd-7085-bc3d-0966f1ce7f5a",CypressTC2 – Streamer Test,"1234",2025-05-12 00:00:00.000,"976490C005","976490C005","309890",JNJ61186372 160G L FB,Final API,CO01,MFG Cork,STN,Wed May 05 00:00:00 EDT 2021,,ROOM_1/ROOM_2/ROOM_3/ROOM_4/SKID_1/ROOM_5/CHROMATOGRAPHY SKID_1/CHROMATOGRAPHY SKID_2/STAINLESS STEEL VESSEL/SKID_2/MIXER/SKID_3/ROOM_6,DETERMINISTIC,"9233311",Internal Conversion,"34305898","35851871"
"01966ca2-7ddd-7085-bc3d-0966f1ce7f5a-0195c717-5dbe-7388-ac0f-a6897aa2a366-1234-976490C004","0195c717-5dbe-7388-ac0f-a6897aa2a366","01966ca2-7ddd-7085-bc3d-0966f1ce7f5a",CypressTC2 – Streamer Test,"1234",2025-05-12 00:00:00.000,"976490C004","976490C004","309890",JNJ61186372 160G L FB,Final API,CO01,MFG Cork,STN,Wed May 05 00:00:00 EDT 2021,,ROOM_1/ROOM_2/ROOM_3/ROOM_4/SKID_1/ROOM_5/CHROMATOGRAPHY SKID_1/CHROMATOGRAPHY SKID_2/STAINLESS STEEL VESSEL/SKID_2/MIXER/SKID_3/ROOM_6,DETERMINISTIC,"10493161",Internal Conversion,"19050686","39574686"
"01966ca2-7ddd-7085-bc3d-0966f1ce7f5a-0195c717-8040-7ec0-b158-1c152cadb84e-1234-976490C005","0195c717-8040-7ec0-b158-1c152cadb84e","01966ca2-7ddd-7085-bc3d-0966f1ce7f5a",CypressTC2 – Streamer Test,"1234",2025-05-12 00:00:00.000,"976490C005","976490C005","309890",JNJ61186372 160G L FB,Final API,CO01,MFG Cork,STN,Wed May 05 00:00:00 EDT 2021,,ROOM_1/ROOM_2/ROOM_3/ROOM_4/SKID_1/ROOM_5/CHROMATOGRAPHY SKID_1/CHROMATOGRAPHY SKID_2/STAINLESS STEEL VESSEL/SKID_2/MIXER/SKID_3/ROOM_6,DETERMINISTIC,"5615351",Internal Conversion,"34305898","35306004"
"01966ca2-7ddd-7085-bc3d-0966f1ce7f5a-0195c717-94bb-7fd1-92f9-21a73eebf18b-1234-977576C003","0195c717-94bb-7fd1-92f9-21a73eebf18b","01966ca2-7ddd-7085-bc3d-0966f1ce7f5a",CypressTC2 – Streamer Test,"1234",2025-05-12 00:00:00.000,"977576C003","977576C003","309890",JNJ61186372 160G L FB,Final API,CO01,MFG Cork,STN,Sat May 08 00:00:00 EDT 2021,,ROOM_1/ROOM_2/ROOM_3/ROOM_4/SKID_1/ROOM_5/CHROMATOGRAPHY SKID_1/CHROMATOGRAPHY SKID_2/STAINLESS STEEL VESSEL/SKID_2/MIXER/SKID_3/ROOM_6,DETERMINISTIC,"9286021",Internal Conversion,"30664312","33712054"
"01966ca2-7ddd-7085-bc3d-0966f1ce7f5a-0195c718-64db-7742-94ca-fadb43786070-1234-977576C004","0195c718-64db-7742-94ca-fadb43786070","01966ca2-7ddd-7085-bc3d-0966f1ce7f5a",CypressTC2 – Streamer Test,"1234",2025-05-12 00:00:00.000,"977576C004","977576C004","309890",JNJ61186372 160G L FB,Final API,CO01,MFG Cork,STN,Sat May 08 00:00:00 EDT 2021,,ROOM_1/ROOM_2/ROOM_3/ROOM_4/SKID_1/ROOM_5/CHROMATOGRAPHY SKID_1/CHROMATOGRAPHY SKID_2/STAINLESS STEEL VESSEL/SKID_2/MIXER/SKID_3/ROOM_6,DETERMINISTIC,"9977561",Internal Conversion,"38395359","30663345"
"01966ca2-7ddd-7085-bc3d-0966f1ce7f5a-0195c718-6afa-74eb-b9e7-255d1ce2dd53-1234-977576C004","0195c718-6afa-74eb-b9e7-255d1ce2dd53","01966ca2-7ddd-7085-bc3d-0966f1ce7f5a",CypressTC2 – Streamer Test,"1234",2025-05-12 00:00:00.000,"977576C004","977576C004","309890",JNJ61186372 160G L FB,Final API,CO01,MFG Cork,STN,Sat May 08 00:00:00 EDT 2021,,ROOM_1/ROOM_2/ROOM_3/ROOM_4/SKID_1/ROOM_5/CHROMATOGRAPHY SKID_1/CHROMATOGRAPHY SKID_2/STAINLESS STEEL VESSEL/SKID_2/MIXER/SKID_3/ROOM_6,DETERMINISTIC,"10235261",Internal Conversion,"38395359","25859850"
"01966ca2-7ddd-7085-bc3d-0966f1ce7f5a-0195c718-bd5c-79f6-a8b7-25be2986f9b8-1234-977576C001","0195c718-bd5c-79f6-a8b7-25be2986f9b8","01966ca2-7ddd-7085-bc3d-0966f1ce7f5a",CypressTC2 – Streamer Test,"1234",2025-05-12 00:00:00.000,"977576C001","977576C001","309890",JNJ61186372 160G L FB,Final API,CO01,MFG Cork,STN,Sat May 08 00:00:00 EDT 2021,,ROOM_1/ROOM_2/ROOM_3/ROOM_4/SKID_1/ROOM_5/CHROMATOGRAPHY SKID_1/CHROMATOGRAPHY SKID_2/STAINLESS STEEL VESSEL/SKID_2/MIXER/SKID_3/ROOM_6,DETERMINISTIC,"9729201",Internal Conversion,"38395356","31963843"
"01966ca2-7ddd-7085-bc3d-0966f1ce7f5a-0195c718-e6b3-7ccc-9385-e3ce0b0c59d2-1234-977576C004","0195c718-e6b3-7ccc-9385-e3ce0b0c59d2","01966ca2-7ddd-7085-bc3d-0966f1ce7f5a",CypressTC2 – Streamer Test,"1234",2025-05-12 00:00:00.000,"977576C004","977576C004","309890",JNJ61186372 160G L FB,Final API,CO01,MFG Cork,STN,Sat May 08 00:00:00 EDT 2021,,ROOM_1/ROOM_2/ROOM_3/ROOM_4/SKID_1/ROOM_5/CHROMATOGRAPHY SKID_1/CHROMATOGRAPHY SKID_2/STAINLESS STEEL VESSEL/SKID_2/MIXER/SKID_3/ROOM_6,DETERMINISTIC,"8596691",Internal Conversion,"38395359","23620663"
"01966ca2-7ddd-7085-bc3d-0966f1ce7f5a-0195c719-4257-7d99-9eb2-0a389d4ef03f-1234-977576C006","0195c719-4257-7d99-9eb2-0a389d4ef03f","01966ca2-7ddd-7085-bc3d-0966f1ce7f5a",CypressTC2 – Streamer Test,"1234",2025-05-12 00:00:00.000,"977576C006","977576C006","309890",JNJ61186372 160G L FB,Final API,CO01,MFG Cork,STN,Sat May 08 00:00:00 EDT 2021,,ROOM_1/ROOM_2/ROOM_3/ROOM_4/SKID_1/ROOM_5/CHROMATOGRAPHY SKID_1/CHROMATOGRAPHY SKID_2/STAINLESS STEEL VESSEL/SKID_2/MIXER/SKID_3/ROOM_6,DETERMINISTIC,"11000561",Internal Conversion,"20739351","26160783"
"01966ca2-7ddd-7085-bc3d-0966f1ce7f5a-0195c719-62a4-7a4e-8a90-9921d755f087-1234-977576C002","0195c719-62a4-7a4e-8a90-9921d755f087","01966ca2-7ddd-7085-bc3d-0966f1ce7f5a",CypressTC2 – Streamer Test,"1234",2025-05-12 00:00:00.000,"977576C002","977576C002","309890",JNJ61186372 160G L FB,Final API,CO01,MFG Cork,STN,Sat May 08 00:00:00 EDT 2021,,ROOM_1/ROOM_2/ROOM_3/ROOM_4/SKID_1/ROOM_5/CHROMATOGRAPHY SKID_1/CHROMATOGRAPHY SKID_2/STAINLESS STEEL VESSEL/SKID_2/MIXER/SKID_3/ROOM_6,DETERMINISTIC,"12132691",Internal Conversion,"32586048","24434038"
"01966ca2-7ddd-7085-bc3d-0966f1ce7f5a-0195c719-72db-7fed-ab67-9bd61cf65e85-1234-976490C004","0195c719-72db-7fed-ab67-9bd61cf65e85","01966ca2-7ddd-7085-bc3d-0966f1ce7f5a",CypressTC2 – Streamer Test,"1234",2025-05-12 00:00:00.000,"976490C004","976490C004","309890",JNJ61186372 160G L FB,Final API,CO01,MFG Cork,STN,Wed May 05 00:00:00 EDT 2021,,ROOM_1/ROOM_2/ROOM_3/ROOM_4/SKID_1/ROOM_5/CHROMATOGRAPHY SKID_1/CHROMATOGRAPHY SKID_2/STAINLESS STEEL VESSEL/SKID_2/MIXER/SKID_3/ROOM_6,DETERMINISTIC,"7457091",Internal Conversion,"19050686","25199483"
"01966ca2-7ddd-7085-bc3d-0966f1ce7f5a-0195c719-e49b-7acd-90dd-19fd7e61ef2c-1234-977136C005","0195c719-e49b-7acd-90dd-19fd7e61ef2c","01966ca2-7ddd-7085-bc3d-0966f1ce7f5a",CypressTC2 – Streamer Test,"1234",2025-05-12 00:00:00.000,"977136C005","977136C005","309890",JNJ61186372 160G L FB,Final API,CO01,MFG Cork,STN,Sun May 02 00:00:00 EDT 2021,,ROOM_1/ROOM_2/ROOM_3/ROOM_4/SKID_1/ROOM_5/CHROMATOGRAPHY SKID_1/CHROMATOGRAPHY SKID_2/STAINLESS STEEL VESSEL/SKID_2/MIXER/SKID_3/ROOM_6,DETERMINISTIC,"8066551",Internal Conversion,"31885692","40458424"
"01966ca2-7ddd-7085-bc3d-0966f1ce7f5a-0195c71a-1e0a-77da-a2e5-afbae7d55569-1234-976490C002","0195c71a-1e0a-77da-a2e5-afbae7d55569","01966ca2-7ddd-7085-bc3d-0966f1ce7f5a",CypressTC2 – Streamer Test,"1234",2025-05-12 00:00:00.000,"976490C002","976490C002","309890",JNJ61186372 160G L FB,Final API,CO01,MFG Cork,STN,Wed May 05 00:00:00 EDT 2021,,ROOM_1/ROOM_2/ROOM_3/ROOM_4/SKID_1/ROOM_5/CHROMATOGRAPHY SKID_1/CHROMATOGRAPHY SKID_2/STAINLESS STEEL VESSEL/SKID_2/MIXER/SKID_3/ROOM_6,DETERMINISTIC,"5632171",Internal Conversion,"34425656","21810607"
"01966ca2-7ddd-7085-bc3d-0966f1ce7f5a-0195c71a-6ff5-7dc7-990d-1349eecd4512-1234-976490C004","0195c71a-6ff5-7dc7-990d-1349eecd4512","01966ca2-7ddd-7085-bc3d-0966f1ce7f5a",CypressTC2 – Streamer Test,"1234",2025-05-12 00:00:00.000,"976490C004","976490C004","309890",JNJ61186372 160G L FB,Final API,CO01,MFG Cork,STN,Wed May 05 00:00:00 EDT 2021,,ROOM_1/ROOM_2/ROOM_3/ROOM_4/SKID_1/ROOM_5/CHROMATOGRAPHY SKID_1/CHROMATOGRAPHY SKID_2/STAINLESS STEEL VESSEL/SKID_2/MIXER/SKID_3/ROOM_6,DETERMINISTIC,"14065441",Internal Conversion,"19050686","28395311"
"01966ca2-7ddd-7085-bc3d-0966f1ce7f5a-0195c71a-8d55-74f5-9d38-0bd71ccd8561-1234-977576C002","0195c71a-8d55-74f5-9d38-0bd71ccd8561","01966ca2-7ddd-7085-bc3d-0966f1ce7f5a",CypressTC2 – Streamer Test,"1234",2025-05-12 00:00:00.000,"977576C002","977576C002","309890",JNJ61186372 160G L FB,Final API,CO01,MFG Cork,STN,Sat May 08 00:00:00 EDT 2021,,ROOM_1/ROOM_2/ROOM_3/ROOM_4/SKID_1/ROOM_5/CHROMATOGRAPHY SKID_1/CHROMATOGRAPHY SKID_2/STAINLESS STEEL VESSEL/SKID_2/MIXER/SKID_3/ROOM_6,DETERMINISTIC,"10121751",Internal Conversion,"32586048","27866582"
"01966ca2-7ddd-7085-bc3d-0966f1ce7f5a-0195c71a-b4d3-7246-ab18-d636370197be-1234-976490C001","0195c71a-b4d3-7246-ab18-d636370197be","01966ca2-7ddd-7085-bc3d-0966f1ce7f5a",CypressTC2 – Streamer Test,"1234",2025-05-12 00:00:00.000,"976490C001","976490C001","309890",JNJ61186372 160G L FB,Final API,CO01,MFG Cork,STN,Wed May 05 00:00:00 EDT 2021,,ROOM_1/ROOM_2/ROOM_3/ROOM_4/SKID_1/ROOM_5/CHROMATOGRAPHY SKID_1/CHROMATOGRAPHY SKID_2/STAINLESS STEEL VESSEL/SKID_2/MIXER/SKID_3/ROOM_6,DETERMINISTIC,"4276411",Internal Conversion,"28616182","26982329"
"01966ca2-7ddd-7085-bc3d-0966f1ce7f5a-0195c71b-10c3-7366-8a7f-b53f5a6bc524-1234-977576C005","0195c71b-10c3-7366-8a7f-b53f5a6bc524","01966ca2-7ddd-7085-bc3d-0966f1ce7f5a",CypressTC2 – Streamer Test,"1234",2025-05-12 00:00:00.000,"977576C005","977576C005","309890",JNJ61186372 160G L FB,Final API,CO01,MFG Cork,STN,Sat May 08 00:00:00 EDT 2021,,ROOM_1/ROOM_2/ROOM_3/ROOM_4/SKID_1/ROOM_5/CHROMATOGRAPHY SKID_1/CHROMATOGRAPHY SKID_2/STAINLESS STEEL VESSEL/SKID_2/MIXER/SKID_3/ROOM_6,DETERMINISTIC,"8031191",Internal Conversion,"36435505","36695129"
"01966ca2-7ddd-7085-bc3d-0966f1ce7f5a-0195c71b-9bd2-70ea-a013-bda54b0eac19-1234-977576C001","0195c71b-9bd2-70ea-a013-bda54b0eac19","01966ca2-7ddd-7085-bc3d-0966f1ce7f5a",CypressTC2 – Streamer Test,"1234",2025-05-12 00:00:00.000,"977576C001","977576C001","309890",JNJ61186372 160G L FB,Final API,CO01,MFG Cork,STN,Sat May 08 00:00:00 EDT 2021,,ROOM_1/ROOM_2/ROOM_3/ROOM_4/SKID_1/ROOM_5/CHROMATOGRAPHY SKID_1/CHROMATOGRAPHY SKID_2/STAINLESS STEEL VESSEL/SKID_2/MIXER/SKID_3/ROOM_6,DETERMINISTIC,"9973871",Internal Conversion,"38395356","31963845"
"01966ca2-7ddd-7085-bc3d-0966f1ce7f5a-0195c71b-bfb3-764e-a809-b0898296806e-1234-977136C005","0195c71b-bfb3-764e-a809-b0898296806e","01966ca2-7ddd-7085-bc3d-0966f1ce7f5a",CypressTC2 – Streamer Test,"1234",2025-05-12 00:00:00.000,"977136C005","977136C005","309890",JNJ61186372 160G L FB,Final API,CO01,MFG Cork,STN,Sun May 02 00:00:00 EDT 2021,,ROOM_1/ROOM_2/ROOM_3/ROOM_4/SKID_1/ROOM_5/CHROMATOGRAPHY SKID_1/CHROMATOGRAPHY SKID_2/STAINLESS STEEL VESSEL/SKID_2/MIXER/SKID_3/ROOM_6,DETERMINISTIC,"5613461",Internal Conversion,"31885692","40574843"
"01966ca2-7ddd-7085-bc3d-0966f1ce7f5a-0195c71b-c3c7-7444-ba86-fe385d4a0dc0-1234-976490C005","0195c71b-c3c7-7444-ba86-fe385d4a0dc0","01966ca2-7ddd-7085-bc3d-0966f1ce7f5a",CypressTC2 – Streamer Test,"1234",2025-05-12 00:00:00.000,"976490C005","976490C005","309890",JNJ61186372 160G L FB,Final API,CO01,MFG Cork,STN,Wed May 05 00:00:00 EDT 2021,,ROOM_1/ROOM_2/ROOM_3/ROOM_4/SKID_1/ROOM_5/CHROMATOGRAPHY SKID_1/CHROMATOGRAPHY SKID_2/STAINLESS STEEL VESSEL/SKID_2/MIXER/SKID_3/ROOM_6,DETERMINISTIC,"10902741",Internal Conversion,"34305898","39574686"
"01966ca2-7ddd-7085-bc3d-0966f1ce7f5a-0195c71b-e230-79cf-9aa0-7455b29da183-1234-977576C006","0195c71b-e230-79cf-9aa0-7455b29da183","01966ca2-7ddd-7085-bc3d-0966f1ce7f5a",CypressTC2 – Streamer Test,"1234",2025-05-12 00:00:00.000,"977576C006","977576C006","309890",JNJ61186372 160G L FB,Final API,CO01,MFG Cork,STN,Sat May 08 00:00:00 EDT 2021,,ROOM_1/ROOM_2/ROOM_3/ROOM_4/SKID_1/ROOM_5/CHROMATOGRAPHY SKID_1/CHROMATOGRAPHY SKID_2/STAINLESS STEEL VESSEL/SKID_2/MIXER/SKID_3/ROOM_6,DETERMINISTIC,"8385861",Internal Conversion,"20739351","27272324"
"01966ca2-7ddd-7085-bc3d-0966f1ce7f5a-0195c71c-6c5d-79d6-9bcf-717ce3b8ef9f-1234-977576C005","0195c71c-6c5d-79d6-9bcf-717ce3b8ef9f","01966ca2-7ddd-7085-bc3d-0966f1ce7f5a",CypressTC2 – Streamer Test,"1234",2025-05-12 00:00:00.000,"977576C005","977576C005","309890",JNJ61186372 160G L FB,Final API,CO01,MFG Cork,STN,Sat May 08 00:00:00 EDT 2021,,ROOM_1/ROOM_2/ROOM_3/ROOM_4/SKID_1/ROOM_5/CHROMATOGRAPHY SKID_1/CHROMATOGRAPHY SKID_2/STAINLESS STEEL VESSEL/SKID_2/MIXER/SKID_3/ROOM_6,DETERMINISTIC,"8194121",Internal Conversion,"36435505","25351007"
"01966ca2-7ddd-7085-bc3d-0966f1ce7f5a-0195c71c-8318-76e5-806c-196341b803fe-1234-977576C006","0195c71c-8318-76e5-806c-196341b803fe","01966ca2-7ddd-7085-bc3d-0966f1ce7f5a",CypressTC2 – Streamer Test,"1234",2025-05-12 00:00:00.000,"977576C006","977576C006","309890",JNJ61186372 160G L FB,Final API,CO01,MFG Cork,STN,Sat May 08 00:00:00 EDT 2021,,ROOM_1/ROOM_2/ROOM_3/ROOM_4/SKID_1/ROOM_5/CHROMATOGRAPHY SKID_1/CHROMATOGRAPHY SKID_2/STAINLESS STEEL VESSEL/SKID_2/MIXER/SKID_3/ROOM_6,DETERMINISTIC,"8194151",Internal Conversion,"20739351","21628814"
"01966ca2-7ddd-7085-bc3d-0966f1ce7f5a-0195c71c-88e3-7d24-b578-32782d18c366-1234-976490C003","0195c71c-88e3-7d24-b578-32782d18c366","01966ca2-7ddd-7085-bc3d-0966f1ce7f5a",CypressTC2 – Streamer Test,"1234",2025-05-12 00:00:00.000,"976490C003","976490C003","309890",JNJ61186372 160G L FB,Final API,CO01,MFG Cork,STN,Wed May 05 00:00:00 EDT 2021,,ROOM_1/ROOM_2/ROOM_3/ROOM_4/SKID_1/ROOM_5/CHROMATOGRAPHY SKID_1/CHROMATOGRAPHY SKID_2/STAINLESS STEEL VESSEL/SKID_2/MIXER/SKID_3/ROOM_6,DETERMINISTIC,"7942381",Internal Conversion,"28616195","32845480"
"01966ca2-7ddd-7085-bc3d-0966f1ce7f5a-0195c71c-dd85-7476-8138-280d35c9f3d3-1234-977576C002","0195c71c-dd85-7476-8138-280d35c9f3d3","01966ca2-7ddd-7085-bc3d-0966f1ce7f5a",CypressTC2 – Streamer Test,"1234",2025-05-12 00:00:00.000,"977576C002","977576C002","309890",JNJ61186372 160G L FB,Final API,CO01,MFG Cork,STN,Sat May 08 00:00:00 EDT 2021,,ROOM_1/ROOM_2/ROOM_3/ROOM_4/SKID_1/ROOM_5/CHROMATOGRAPHY SKID_1/CHROMATOGRAPHY SKID_2/STAINLESS STEEL VESSEL/SKID_2/MIXER/SKID_3/ROOM_6,DETERMINISTIC,"17562981",Internal Conversion,"32586048","19509134"
"01966ca2-7ddd-7085-bc3d-0966f1ce7f5a-0195c71c-e082-7465-82bb-3e27f6204e79-1234-977576C005","0195c71c-e082-7465-82bb-3e27f6204e79","01966ca2-7ddd-7085-bc3d-0966f1ce7f5a",CypressTC2 – Streamer Test,"1234",2025-05-12 00:00:00.000,"977576C005","977576C005","309890",JNJ61186372 160G L FB,Final API,CO01,MFG Cork,STN,Sat May 08 00:00:00 EDT 2021,,ROOM_1/ROOM_2/ROOM_3/ROOM_4/SKID_1/ROOM_5/CHROMATOGRAPHY SKID_1/CHROMATOGRAPHY SKID_2/STAINLESS STEEL VESSEL/SKID_2/MIXER/SKID_3/ROOM_6,DETERMINISTIC,"8759921",Internal Conversion,"36435505","22100481"
"01966ca2-7ddd-7085-bc3d-0966f1ce7f5a-0195c71c-f48f-729f-bfaa-dd03e5ee630a-1234-977576C003","0195c71c-f48f-729f-bfaa-dd03e5ee630a","01966ca2-7ddd-7085-bc3d-0966f1ce7f5a",CypressTC2 – Streamer Test,"1234",2025-05-12 00:00:00.000,"977576C003","977576C003","309890",JNJ61186372 160G L FB,Final API,CO01,MFG Cork,STN,Sat May 08 00:00:00 EDT 2021,,ROOM_1/ROOM_2/ROOM_3/ROOM_4/SKID_1/ROOM_5/CHROMATOGRAPHY SKID_1/CHROMATOGRAPHY SKID_2/STAINLESS STEEL VESSEL/SKID_2/MIXER/SKID_3/ROOM_6,DETERMINISTIC,"8446911",Internal Conversion,"30664312","27272324"
"01966ca2-7ddd-7085-bc3d-0966f1ce7f5a-0195c71c-fd94-7c75-961e-380df826b2b8-1234-977576C003","0195c71c-fd94-7c75-961e-380df826b2b8","01966ca2-7ddd-7085-bc3d-0966f1ce7f5a",CypressTC2 – Streamer Test,"1234",2025-05-12 00:00:00.000,"977576C003","977576C003","309890",JNJ61186372 160G L FB,Final API,CO01,MFG Cork,STN,Sat May 08 00:00:00 EDT 2021,,ROOM_1/ROOM_2/ROOM_3/ROOM_4/SKID_1/ROOM_5/CHROMATOGRAPHY SKID_1/CHROMATOGRAPHY SKID_2/STAINLESS STEEL VESSEL/SKID_2/MIXER/SKID_3/ROOM_6,DETERMINISTIC,"9824021",Internal Conversion,"30664312","20432123"
"01966ca2-7ddd-7085-bc3d-0966f1ce7f5a-0195c71e-24a8-7e11-9704-9243d28deb56-1234-976490C005","0195c71e-24a8-7e11-9704-9243d28deb56","01966ca2-7ddd-7085-bc3d-0966f1ce7f5a",CypressTC2 – Streamer Test,"1234",2025-05-12 00:00:00.000,"976490C005","976490C005","309890",JNJ61186372 160G L FB,Final API,CO01,MFG Cork,STN,Wed May 05 00:00:00 EDT 2021,,ROOM_1/ROOM_2/ROOM_3/ROOM_4/SKID_1/ROOM_5/CHROMATOGRAPHY SKID_1/CHROMATOGRAPHY SKID_2/STAINLESS STEEL VESSEL/SKID_2/MIXER/SKID_3/ROOM_6,DETERMINISTIC,"15434161",Internal Conversion,"34305898","28082175"
"01966ca2-7ddd-7085-bc3d-0966f1ce7f5a-0195c71e-8099-7019-95ca-03e5229233e7-1234-976490C003","0195c71e-8099-7019-95ca-03e5229233e7","01966ca2-7ddd-7085-bc3d-0966f1ce7f5a",CypressTC2 – Streamer Test,"1234",2025-05-12 00:00:00.000,"976490C003","976490C003","309890",JNJ61186372 160G L FB,Final API,CO01,MFG Cork,STN,Wed May 05 00:00:00 EDT 2021,,ROOM_1/ROOM_2/ROOM_3/ROOM_4/SKID_1/ROOM_5/CHROMATOGRAPHY SKID_1/CHROMATOGRAPHY SKID_2/STAINLESS STEEL VESSEL/SKID_2/MIXER/SKID_3/ROOM_6,DETERMINISTIC,"5630521",Internal Conversion,"28616195","22771167"
"01966ca2-7ddd-7085-bc3d-0966f1ce7f5a-0195c71e-b729-769d-acdb-ce5811b70c25-1234-976490C004","0195c71e-b729-769d-acdb-ce5811b70c25","01966ca2-7ddd-7085-bc3d-0966f1ce7f5a",CypressTC2 – Streamer Test,"1234",2025-05-12 00:00:00.000,"976490C004","976490C004","309890",JNJ61186372 160G L FB,Final API,CO01,MFG Cork,STN,Wed May 05 00:00:00 EDT 2021,,ROOM_1/ROOM_2/ROOM_3/ROOM_4/SKID_1/ROOM_5/CHROMATOGRAPHY SKID_1/CHROMATOGRAPHY SKID_2/STAINLESS STEEL VESSEL/SKID_2/MIXER/SKID_3/ROOM_6,DETERMINISTIC,"13473331",Internal Conversion,"19050686","21550721"
"01966ca2-7ddd-7085-bc3d-0966f1ce7f5a-0195c71e-b9ad-7b23-984f-a46c76df5f06-1234-976490C003","0195c71e-b9ad-7b23-984f-a46c76df5f06","01966ca2-7ddd-7085-bc3d-0966f1ce7f5a",CypressTC2 – Streamer Test,"1234",2025-05-12 00:00:00.000,"976490C003","976490C003","309890",JNJ61186372 160G L FB,Final API,CO01,MFG Cork,STN,Wed May 05 00:00:00 EDT 2021,,ROOM_1/ROOM_2/ROOM_3/ROOM_4/SKID_1/ROOM_5/CHROMATOGRAPHY SKID_1/CHROMATOGRAPHY SKID_2/STAINLESS STEEL VESSEL/SKID_2/MIXER/SKID_3/ROOM_6,DETERMINISTIC,"13535801",Internal Conversion,"28616195","36229232"
"01966ca2-7ddd-7085-bc3d-0966f1ce7f5a-0195c720-fc71-7a1d-a717-e789f797b2ab-1234-977576C004","0195c720-fc71-7a1d-a717-e789f797b2ab","01966ca2-7ddd-7085-bc3d-0966f1ce7f5a",CypressTC2 – Streamer Test,"1234",2025-05-12 00:00:00.000,"977576C004","977576C004","309890",JNJ61186372 160G L FB,Final API,CO01,MFG Cork,STN,Sat May 08 00:00:00 EDT 2021,,ROOM_1/ROOM_2/ROOM_3/ROOM_4/SKID_1/ROOM_5/CHROMATOGRAPHY SKID_1/CHROMATOGRAPHY SKID_2/STAINLESS STEEL VESSEL/SKID_2/MIXER/SKID_3/ROOM_6,DETERMINISTIC,"8745441",Internal Conversion,"38395359","31998449"
"01966ca2-7ddd-7085-bc3d-0966f1ce7f5a-0195c721-3eb4-7b59-b7a9-f42f26204162-1234-977576C001","0195c721-3eb4-7b59-b7a9-f42f26204162","01966ca2-7ddd-7085-bc3d-0966f1ce7f5a",CypressTC2 – Streamer Test,"1234",2025-05-12 00:00:00.000,"977576C001","977576C001","309890",JNJ61186372 160G L FB,Final API,CO01,MFG Cork,STN,Sat May 08 00:00:00 EDT 2021,,ROOM_1/ROOM_2/ROOM_3/ROOM_4/SKID_1/ROOM_5/CHROMATOGRAPHY SKID_1/CHROMATOGRAPHY SKID_2/STAINLESS STEEL VESSEL/SKID_2/MIXER/SKID_3/ROOM_6,DETERMINISTIC,"15908741",Internal Conversion,"38395356","39497583"
"01966ca2-7ddd-7085-bc3d-0966f1ce7f5a-0195c721-d689-723b-8260-c932d29975df-1234-976490C002","0195c721-d689-723b-8260-c932d29975df","01966ca2-7ddd-7085-bc3d-0966f1ce7f5a",CypressTC2 – Streamer Test,"1234",2025-05-12 00:00:00.000,"976490C002","976490C002","309890",JNJ61186372 160G L FB,Final API,CO01,MFG Cork,STN,Wed May 05 00:00:00 EDT 2021,,ROOM_1/ROOM_2/ROOM_3/ROOM_4/SKID_1/ROOM_5/CHROMATOGRAPHY SKID_1/CHROMATOGRAPHY SKID_2/STAINLESS STEEL VESSEL/SKID_2/MIXER/SKID_3/ROOM_6,DETERMINISTIC,"16094831",Internal Conversion,"34425656","28082175"
"01966ca2-7ddd-7085-bc3d-0966f1ce7f5a-0195c722-4e0c-7fe5-a095-88bae578bd37-1234-976490C001","0195c722-4e0c-7fe5-a095-88bae578bd37","01966ca2-7ddd-7085-bc3d-0966f1ce7f5a",CypressTC2 – Streamer Test,"1234",2025-05-12 00:00:00.000,"976490C001","976490C001","309890",JNJ61186372 160G L FB,Final API,CO01,MFG Cork,STN,Wed May 05 00:00:00 EDT 2021,,ROOM_1/ROOM_2/ROOM_3/ROOM_4/SKID_1/ROOM_5/CHROMATOGRAPHY SKID_1/CHROMATOGRAPHY SKID_2/STAINLESS STEEL VESSEL/SKID_2/MIXER/SKID_3/ROOM_6,DETERMINISTIC,"16100701",Internal Conversion,"28616182","21217806"
"01966ca2-7ddd-7085-bc3d-0966f1ce7f5a-0195c722-844b-7766-8c75-4cb95280682f-1234-977576C005","0195c722-844b-7766-8c75-4cb95280682f","01966ca2-7ddd-7085-bc3d-0966f1ce7f5a",CypressTC2 – Streamer Test,"1234",2025-05-12 00:00:00.000,"977576C005","977576C005","309890",JNJ61186372 160G L FB,Final API,CO01,MFG Cork,STN,Sat May 08 00:00:00 EDT 2021,,ROOM_1/ROOM_2/ROOM_3/ROOM_4/SKID_1/ROOM_5/CHROMATOGRAPHY SKID_1/CHROMATOGRAPHY SKID_2/STAINLESS STEEL VESSEL/SKID_2/MIXER/SKID_3/ROOM_6,DETERMINISTIC,"6193931",Internal Conversion,"36435505","31157349"
"01966ca2-7ddd-7085-bc3d-0966f1ce7f5a-0195c722-87d3-738c-a32c-5df6aae6950e-1234-977136C005","0195c722-87d3-738c-a32c-5df6aae6950e","01966ca2-7ddd-7085-bc3d-0966f1ce7f5a",CypressTC2 – Streamer Test,"1234",2025-05-12 00:00:00.000,"977136C005","977136C005","309890",JNJ61186372 160G L FB,Final API,CO01,MFG Cork,STN,Sun May 02 00:00:00 EDT 2021,,ROOM_1/ROOM_2/ROOM_3/ROOM_4/SKID_1/ROOM_5/CHROMATOGRAPHY SKID_1/CHROMATOGRAPHY SKID_2/STAINLESS STEEL VESSEL/SKID_2/MIXER/SKID_3/ROOM_6,DETERMINISTIC,"7462811",Internal Conversion,"31885692","35596552"
"01966ca2-7ddd-7085-bc3d-0966f1ce7f5a-0195c723-1230-7bd7-8bcb-5b006f316576-1234-977576C001","0195c723-1230-7bd7-8bcb-5b006f316576","01966ca2-7ddd-7085-bc3d-0966f1ce7f5a",CypressTC2 – Streamer Test,"1234",2025-05-12 00:00:00.000,"977576C001","977576C001","309890",JNJ61186372 160G L FB,Final API,CO01,MFG Cork,STN,Sat May 08 00:00:00 EDT 2021,,ROOM_1/ROOM_2/ROOM_3/ROOM_4/SKID_1/ROOM_5/CHROMATOGRAPHY SKID_1/CHROMATOGRAPHY SKID_2/STAINLESS STEEL VESSEL/SKID_2/MIXER/SKID_3/ROOM_6,DETERMINISTIC,"9766901",Internal Conversion,"38395356","20432123"
"01966ca2-7ddd-7085-bc3d-0966f1ce7f5a-0195c723-bceb-7592-9577-bb060dcee05f-1234-977576C002","0195c723-bceb-7592-9577-bb060dcee05f","01966ca2-7ddd-7085-bc3d-0966f1ce7f5a",CypressTC2 – Streamer Test,"1234",2025-05-12 00:00:00.000,"977576C002","977576C002","309890",JNJ61186372 160G L FB,Final API,CO01,MFG Cork,STN,Sat May 08 00:00:00 EDT 2021,,ROOM_1/ROOM_2/ROOM_3/ROOM_4/SKID_1/ROOM_5/CHROMATOGRAPHY SKID_1/CHROMATOGRAPHY SKID_2/STAINLESS STEEL VESSEL/SKID_2/MIXER/SKID_3/ROOM_6,DETERMINISTIC,"7782511",Internal Conversion,"32586048","29002346"
"01966ca2-7ddd-7085-bc3d-0966f1ce7f5a-0195c724-109b-7765-8327-5a2e597939fe-1234-977576C001","0195c724-109b-7765-8327-5a2e597939fe","01966ca2-7ddd-7085-bc3d-0966f1ce7f5a",CypressTC2 – Streamer Test,"1234",2025-05-12 00:00:00.000,"977576C001","977576C001","309890",JNJ61186372 160G L FB,Final API,CO01,MFG Cork,STN,Sat May 08 00:00:00 EDT 2021,,ROOM_1/ROOM_2/ROOM_3/ROOM_4/SKID_1/ROOM_5/CHROMATOGRAPHY SKID_1/CHROMATOGRAPHY SKID_2/STAINLESS STEEL VESSEL/SKID_2/MIXER/SKID_3/ROOM_6,DETERMINISTIC,"10317651",Internal Conversion,"38395356","40317258"
"01966ca2-7ddd-7085-bc3d-0966f1ce7f5a-0195c725-36bd-705a-9f82-c2a254da9d56-1234-976490C001","0195c725-36bd-705a-9f82-c2a254da9d56","01966ca2-7ddd-7085-bc3d-0966f1ce7f5a",CypressTC2 – Streamer Test,"1234",2025-05-12 00:00:00.000,"976490C001","976490C001","309890",JNJ61186372 160G L FB,Final API,CO01,MFG Cork,STN,Wed May 05 00:00:00 EDT 2021,,ROOM_1/ROOM_2/ROOM_3/ROOM_4/SKID_1/ROOM_5/CHROMATOGRAPHY SKID_1/CHROMATOGRAPHY SKID_2/STAINLESS STEEL VESSEL/SKID_2/MIXER/SKID_3/ROOM_6,DETERMINISTIC,"14393491",Internal Conversion,"28616182","26119966"
"01966ca2-7ddd-7085-bc3d-0966f1ce7f5a-0195c725-3d87-74b9-aa27-afbc546fe560-1234-977576C006","0195c725-3d87-74b9-aa27-afbc546fe560","01966ca2-7ddd-7085-bc3d-0966f1ce7f5a",CypressTC2 – Streamer Test,"1234",2025-05-12 00:00:00.000,"977576C006","977576C006","309890",JNJ61186372 160G L FB,Final API,CO01,MFG Cork,STN,Sat May 08 00:00:00 EDT 2021,,ROOM_1/ROOM_2/ROOM_3/ROOM_4/SKID_1/ROOM_5/CHROMATOGRAPHY SKID_1/CHROMATOGRAPHY SKID_2/STAINLESS STEEL VESSEL/SKID_2/MIXER/SKID_3/ROOM_6,DETERMINISTIC,"20739351",Storage,"3150584","4150108, 4162825, 4211207, 4215921, 4235272, 4987741, 5002824, 5004302, 5606934, 6118193, 6222727, 6228243, 6650854, 6651500, 6657173, 6658587, 6795166, 6802009, 6806539, 6864912, 7514394, 7724554, 7789688, 7852817, 7944699, 8060788, 8068914, 8153025, 8194149, 8194151, 8255573, 8255583, 8380187, 8380206, 8382873, 8382904, 8382907, 8385861, 8385955, 8386064, 8446901, 8446915, 8738142, 8745435, 8745470, 8757870, 8757882, 8757884, 8759195, 9598032, 9680774, 9729199, 9766890, 9840382, 9911464, 9921948, 9973884, 9973890, 9977512, 9988658, 9988672, 10121811, 10121823, 10233160, 10253326, 10317675, 10432302, 10434569, 10743536, 11000561, 11044367, 11432495, 11432769, 11487472, 11568173, 11588452, 11591544, 11702298, 11873993, 11995293, 12057583, 12256379, 12305333, 12483007, 12483009, 12483783, 12513759, 12541397, 12757249, 12957741, 13106585, 13422717, 13489476, 14399997, 14619319, 14990962, 15000874, 15086614, 15439795, 15540853, 15586823, 15599424, 15758506, 15907875, 16607762, 16784117, 17149333, 17321625, 17438575, 17819103, 17976736"
"01966ca2-7ddd-7085-bc3d-0966f1ce7f5a-0195c725-5a7e-7d5e-839d-4e5d84623bdc-1234-976490C002","0195c725-5a7e-7d5e-839d-4e5d84623bdc","01966ca2-7ddd-7085-bc3d-0966f1ce7f5a",CypressTC2 – Streamer Test,"1234",2025-05-12 00:00:00.000,"976490C002","976490C002","309890",JNJ61186372 160G L FB,Final API,CO01,MFG Cork,STN,Wed May 05 00:00:00 EDT 2021,,ROOM_1/ROOM_2/ROOM_3/ROOM_4/SKID_1/ROOM_5/CHROMATOGRAPHY SKID_1/CHROMATOGRAPHY SKID_2/STAINLESS STEEL VESSEL/SKID_2/MIXER/SKID_3/ROOM_6,DETERMINISTIC,"17872001",Internal Conversion,"34425656","25473177"
"01966ca2-7ddd-7085-bc3d-0966f1ce7f5a-0195c725-e81e-7807-9a5a-97fd3a3a2227-1234-976490C001","0195c725-e81e-7807-9a5a-97fd3a3a2227","01966ca2-7ddd-7085-bc3d-0966f1ce7f5a",CypressTC2 – Streamer Test,"1234",2025-05-12 00:00:00.000,"976490C001","976490C001","309890",JNJ61186372 160G L FB,Final API,CO01,MFG Cork,STN,Wed May 05 00:00:00 EDT 2021,,ROOM_1/ROOM_2/ROOM_3/ROOM_4/SKID_1/ROOM_5/CHROMATOGRAPHY SKID_1/CHROMATOGRAPHY SKID_2/STAINLESS STEEL VESSEL/SKID_2/MIXER/SKID_3/ROOM_6,DETERMINISTIC,"6065731",Internal Conversion,"28616182",
"01966ca2-7ddd-7085-bc3d-0966f1ce7f5a-0195c726-4b1c-79e0-99c5-ddf882edd8e1-1234-976490C001","0195c726-4b1c-79e0-99c5-ddf882edd8e1","01966ca2-7ddd-7085-bc3d-0966f1ce7f5a",CypressTC2 – Streamer Test,"1234",2025-05-12 00:00:00.000,"976490C001","976490C001","309890",JNJ61186372 160G L FB,Final API,CO01,MFG Cork,STN,Wed May 05 00:00:00 EDT 2021,,ROOM_1/ROOM_2/ROOM_3/ROOM_4/SKID_1/ROOM_5/CHROMATOGRAPHY SKID_1/CHROMATOGRAPHY SKID_2/STAINLESS STEEL VESSEL/SKID_2/MIXER/SKID_3/ROOM_6,DETERMINISTIC,"6087101",Internal Conversion,"28616182",
"01966ca2-7ddd-7085-bc3d-0966f1ce7f5a-0195c726-d896-74a7-88ce-786b330bf36d-1234-977576C005","0195c726-d896-74a7-88ce-786b330bf36d","01966ca2-7ddd-7085-bc3d-0966f1ce7f5a",CypressTC2 – Streamer Test,"1234",2025-05-12 00:00:00.000,"977576C005","977576C005","309890",JNJ61186372 160G L FB,Final API,CO01,MFG Cork,STN,Sat May 08 00:00:00 EDT 2021,,ROOM_1/ROOM_2/ROOM_3/ROOM_4/SKID_1/ROOM_5/CHROMATOGRAPHY SKID_1/CHROMATOGRAPHY SKID_2/STAINLESS STEEL VESSEL/SKID_2/MIXER/SKID_3/ROOM_6,DETERMINISTIC,"12430871",Internal Conversion,"36435505","25615098"
"01966ca2-7ddd-7085-bc3d-0966f1ce7f5a-0195c727-d3e7-7f01-8717-309ac1a72d24-1234-976490C005","0195c727-d3e7-7f01-8717-309ac1a72d24","01966ca2-7ddd-7085-bc3d-0966f1ce7f5a",CypressTC2 – Streamer Test,"1234",2025-05-12 00:00:00.000,"976490C005","976490C005","309890",JNJ61186372 160G L FB,Final API,CO01,MFG Cork,STN,Wed May 05 00:00:00 EDT 2021,,ROOM_1/ROOM_2/ROOM_3/ROOM_4/SKID_1/ROOM_5/CHROMATOGRAPHY SKID_1/CHROMATOGRAPHY SKID_2/STAINLESS STEEL VESSEL/SKID_2/MIXER/SKID_3/ROOM_6,DETERMINISTIC,"4937571",Internal Conversion,"34305898","22016294"
"01966ca2-7ddd-7085-bc3d-0966f1ce7f5a-0195c727-e18e-756d-9a40-01ded5e4809b-1234-976490C002","0195c727-e18e-756d-9a40-01ded5e4809b","01966ca2-7ddd-7085-bc3d-0966f1ce7f5a",CypressTC2 – Streamer Test,"1234",2025-05-12 00:00:00.000,"976490C002","976490C002","309890",JNJ61186372 160G L FB,Final API,CO01,MFG Cork,STN,Wed May 05 00:00:00 EDT 2021,,ROOM_1/ROOM_2/ROOM_3/ROOM_4/SKID_1/ROOM_5/CHROMATOGRAPHY SKID_1/CHROMATOGRAPHY SKID_2/STAINLESS STEEL VESSEL/SKID_2/MIXER/SKID_3/ROOM_6,DETERMINISTIC,"7772621",Internal Conversion,"34425656","19473179"
"01966ca2-7ddd-7085-bc3d-0966f1ce7f5a-0195c728-378e-7bd8-944c-75697e2d8c8f-1234-976490C002","0195c728-378e-7bd8-944c-75697e2d8c8f","01966ca2-7ddd-7085-bc3d-0966f1ce7f5a",CypressTC2 – Streamer Test,"1234",2025-05-12 00:00:00.000,"976490C002","976490C002","309890",JNJ61186372 160G L FB,Final API,CO01,MFG Cork,STN,Wed May 05 00:00:00 EDT 2021,,ROOM_1/ROOM_2/ROOM_3/ROOM_4/SKID_1/ROOM_5/CHROMATOGRAPHY SKID_1/CHROMATOGRAPHY SKID_2/STAINLESS STEEL VESSEL/SKID_2/MIXER/SKID_3/ROOM_6,DETERMINISTIC,"6921161",Internal Conversion,"34425656","18627771"
"01966ca2-7ddd-7085-bc3d-0966f1ce7f5a-0195c728-3dfb-7b68-8eac-bf3ae1466dd4-1234-977576C004","0195c728-3dfb-7b68-8eac-bf3ae1466dd4","01966ca2-7ddd-7085-bc3d-0966f1ce7f5a",CypressTC2 – Streamer Test,"1234",2025-05-12 00:00:00.000,"977576C004","977576C004","309890",JNJ61186372 160G L FB,Final API,CO01,MFG Cork,STN,Sat May 08 00:00:00 EDT 2021,,ROOM_1/ROOM_2/ROOM_3/ROOM_4/SKID_1/ROOM_5/CHROMATOGRAPHY SKID_1/CHROMATOGRAPHY SKID_2/STAINLESS STEEL VESSEL/SKID_2/MIXER/SKID_3/ROOM_6,DETERMINISTIC,"6848061",Internal Conversion,"38395359","29864189"
"01966ca2-7ddd-7085-bc3d-0966f1ce7f5a-0195c728-6f8f-747a-88c9-d05e788ee2a7-1234-976490C003","0195c728-6f8f-747a-88c9-d05e788ee2a7","01966ca2-7ddd-7085-bc3d-0966f1ce7f5a",CypressTC2 – Streamer Test,"1234",2025-05-12 00:00:00.000,"976490C003","976490C003","309890",JNJ61186372 160G L FB,Final API,CO01,MFG Cork,STN,Wed May 05 00:00:00 EDT 2021,,ROOM_1/ROOM_2/ROOM_3/ROOM_4/SKID_1/ROOM_5/CHROMATOGRAPHY SKID_1/CHROMATOGRAPHY SKID_2/STAINLESS STEEL VESSEL/SKID_2/MIXER/SKID_3/ROOM_6,DETERMINISTIC,"7560101",Internal Conversion,"28616195","19473179"
"01966ca2-7ddd-7085-bc3d-0966f1ce7f5a-0195c728-a004-7d63-afcc-6b5436c180a5-1234-976490C005","0195c728-a004-7d63-afcc-6b5436c180a5","01966ca2-7ddd-7085-bc3d-0966f1ce7f5a",CypressTC2 – Streamer Test,"1234",2025-05-12 00:00:00.000,"976490C005","976490C005","309890",JNJ61186372 160G L FB,Final API,CO01,MFG Cork,STN,Wed May 05 00:00:00 EDT 2021,,ROOM_1/ROOM_2/ROOM_3/ROOM_4/SKID_1/ROOM_5/CHROMATOGRAPHY SKID_1/CHROMATOGRAPHY SKID_2/STAINLESS STEEL VESSEL/SKID_2/MIXER/SKID_3/ROOM_6,DETERMINISTIC,"8594361",Internal Conversion,"34305898","27535743"
"01966ca2-7ddd-7085-bc3d-0966f1ce7f5a-0195c729-5bb5-738e-a87c-130c351bf537-1234-976490C002","0195c729-5bb5-738e-a87c-130c351bf537","01966ca2-7ddd-7085-bc3d-0966f1ce7f5a",CypressTC2 – Streamer Test,"1234",2025-05-12 00:00:00.000,"976490C002","976490C002","309890",JNJ61186372 160G L FB,Final API,CO01,MFG Cork,STN,Wed May 05 00:00:00 EDT 2021,,ROOM_1/ROOM_2/ROOM_3/ROOM_4/SKID_1/ROOM_5/CHROMATOGRAPHY SKID_1/CHROMATOGRAPHY SKID_2/STAINLESS STEEL VESSEL/SKID_2/MIXER/SKID_3/ROOM_6,DETERMINISTIC,"9283641",Internal Conversion,"34425656","36157589"
"01966ca2-7ddd-7085-bc3d-0966f1ce7f5a-0195c729-e165-7e04-9311-9233ac642a13-1234-977576C005","0195c729-e165-7e04-9311-9233ac642a13","01966ca2-7ddd-7085-bc3d-0966f1ce7f5a",CypressTC2 – Streamer Test,"1234",2025-05-12 00:00:00.000,"977576C005","977576C005","309890",JNJ61186372 160G L FB,Final API,CO01,MFG Cork,STN,Sat May 08 00:00:00 EDT 2021,,ROOM_1/ROOM_2/ROOM_3/ROOM_4/SKID_1/ROOM_5/CHROMATOGRAPHY SKID_1/CHROMATOGRAPHY SKID_2/STAINLESS STEEL VESSEL/SKID_2/MIXER/SKID_3/ROOM_6,DETERMINISTIC,"13106581",Internal Conversion,"36435505","30706817"
"01966ca2-7ddd-7085-bc3d-0966f1ce7f5a-0195c72a-2b9a-72dc-a6cd-73605c192189-1234-977576C001","0195c72a-2b9a-72dc-a6cd-73605c192189","01966ca2-7ddd-7085-bc3d-0966f1ce7f5a",CypressTC2 – Streamer Test,"1234",2025-05-12 00:00:00.000,"977576C001","977576C001","309890",JNJ61186372 160G L FB,Final API,CO01,MFG Cork,STN,Sat May 08 00:00:00 EDT 2021,,ROOM_1/ROOM_2/ROOM_3/ROOM_4/SKID_1/ROOM_5/CHROMATOGRAPHY SKID_1/CHROMATOGRAPHY SKID_2/STAINLESS STEEL VESSEL/SKID_2/MIXER/SKID_3/ROOM_6,DETERMINISTIC,"4945541",Internal Conversion,"38395356","18890354"
"01966ca2-7ddd-7085-bc3d-0966f1ce7f5a-0195c72a-5e51-7df4-bc51-9bc1020e24a1-1234-977576C004","0195c72a-5e51-7df4-bc51-9bc1020e24a1","01966ca2-7ddd-7085-bc3d-0966f1ce7f5a",CypressTC2 – Streamer Test,"1234",2025-05-12 00:00:00.000,"977576C004","977576C004","309890",JNJ61186372 160G L FB,Final API,CO01,MFG Cork,STN,Sat May 08 00:00:00 EDT 2021,,ROOM_1/ROOM_2/ROOM_3/ROOM_4/SKID_1/ROOM_5/CHROMATOGRAPHY SKID_1/CHROMATOGRAPHY SKID_2/STAINLESS STEEL VESSEL/SKID_2/MIXER/SKID_3/ROOM_6,DETERMINISTIC,"12759391",Internal Conversion,"38395359","23982059"
"01966ca2-7ddd-7085-bc3d-0966f1ce7f5a-0195c72b-4c8d-7b38-8600-b05048ee94c4-1234-977576C004","0195c72b-4c8d-7b38-8600-b05048ee94c4","01966ca2-7ddd-7085-bc3d-0966f1ce7f5a",CypressTC2 – Streamer Test,"1234",2025-05-12 00:00:00.000,"977576C004","977576C004","309890",JNJ61186372 160G L FB,Final API,CO01,MFG Cork,STN,Sat May 08 00:00:00 EDT 2021,,ROOM_1/ROOM_2/ROOM_3/ROOM_4/SKID_1/ROOM_5/CHROMATOGRAPHY SKID_1/CHROMATOGRAPHY SKID_2/STAINLESS STEEL VESSEL/SKID_2/MIXER/SKID_3/ROOM_6,DETERMINISTIC,"12501251",Internal Conversion,"38395359","25733536"
"01966ca2-7ddd-7085-bc3d-0966f1ce7f5a-0195c72b-73c8-7a1d-8edf-b778cb05e427-1234-977576C005","0195c72b-73c8-7a1d-8edf-b778cb05e427","01966ca2-7ddd-7085-bc3d-0966f1ce7f5a",CypressTC2 – Streamer Test,"1234",2025-05-12 00:00:00.000,"977576C005","977576C005","309890",JNJ61186372 160G L FB,Final API,CO01,MFG Cork,STN,Sat May 08 00:00:00 EDT 2021,,ROOM_1/ROOM_2/ROOM_3/ROOM_4/SKID_1/ROOM_5/CHROMATOGRAPHY SKID_1/CHROMATOGRAPHY SKID_2/STAINLESS STEEL VESSEL/SKID_2/MIXER/SKID_3/ROOM_6,DETERMINISTIC,"6846481",Internal Conversion,"36435505","37573731"
"01966ca2-7ddd-7085-bc3d-0966f1ce7f5a-0195c72b-77ce-72ee-b66b-7434c542d611-1234-977576C001","0195c72b-77ce-72ee-b66b-7434c542d611","01966ca2-7ddd-7085-bc3d-0966f1ce7f5a",CypressTC2 – Streamer Test,"1234",2025-05-12 00:00:00.000,"977576C001","977576C001","309890",JNJ61186372 160G L FB,Final API,CO01,MFG Cork,STN,Sat May 08 00:00:00 EDT 2021,,ROOM_1/ROOM_2/ROOM_3/ROOM_4/SKID_1/ROOM_5/CHROMATOGRAPHY SKID_1/CHROMATOGRAPHY SKID_2/STAINLESS STEEL VESSEL/SKID_2/MIXER/SKID_3/ROOM_6,DETERMINISTIC,"6803641",Internal Conversion,"38395356","37573731"
"01966ca2-7ddd-7085-bc3d-0966f1ce7f5a-0195c72b-c27c-7ebc-aaba-0d06214afa6c-1234-976490C002","0195c72b-c27c-7ebc-aaba-0d06214afa6c","01966ca2-7ddd-7085-bc3d-0966f1ce7f5a",CypressTC2 – Streamer Test,"1234",2025-05-12 00:00:00.000,"976490C002","976490C002","309890",JNJ61186372 160G L FB,Final API,CO01,MFG Cork,STN,Wed May 05 00:00:00 EDT 2021,,ROOM_1/ROOM_2/ROOM_3/ROOM_4/SKID_1/ROOM_5/CHROMATOGRAPHY SKID_1/CHROMATOGRAPHY SKID_2/STAINLESS STEEL VESSEL/SKID_2/MIXER/SKID_3/ROOM_6,DETERMINISTIC,"14126621",Internal Conversion,"34425656","25944377"
"01966ca2-7ddd-7085-bc3d-0966f1ce7f5a-0195c72c-800f-76f6-91bb-219da5069505-1234-977576C001","0195c72c-800f-76f6-91bb-219da5069505","01966ca2-7ddd-7085-bc3d-0966f1ce7f5a",CypressTC2 – Streamer Test,"1234",2025-05-12 00:00:00.000,"977576C001","977576C001","309890",JNJ61186372 160G L FB,Final API,CO01,MFG Cork,STN,Sat May 08 00:00:00 EDT 2021,,ROOM_1/ROOM_2/ROOM_3/ROOM_4/SKID_1/ROOM_5/CHROMATOGRAPHY SKID_1/CHROMATOGRAPHY SKID_2/STAINLESS STEEL VESSEL/SKID_2/MIXER/SKID_3/ROOM_6,DETERMINISTIC,"8737261",Internal Conversion,"38395356","21628814"
"01966ca2-7ddd-7085-bc3d-0966f1ce7f5a-0195c72d-326c-780b-9a2f-c4d108c078f2-1234-977576C004","0195c72d-326c-780b-9a2f-c4d108c078f2","01966ca2-7ddd-7085-bc3d-0966f1ce7f5a",CypressTC2 – Streamer Test,"1234",2025-05-12 00:00:00.000,"977576C004","977576C004","309890",JNJ61186372 160G L FB,Final API,CO01,MFG Cork,STN,Sat May 08 00:00:00 EDT 2021,,ROOM_1/ROOM_2/ROOM_3/ROOM_4/SKID_1/ROOM_5/CHROMATOGRAPHY SKID_1/CHROMATOGRAPHY SKID_2/STAINLESS STEEL VESSEL/SKID_2/MIXER/SKID_3/ROOM_6,DETERMINISTIC,"10314321",Internal Conversion,"38395359","19434144"
"01966ca2-7ddd-7085-bc3d-0966f1ce7f5a-0195c72d-88b3-784b-9379-0dfadd0b8eb3-1234-977576C002","0195c72d-88b3-784b-9379-0dfadd0b8eb3","01966ca2-7ddd-7085-bc3d-0966f1ce7f5a",CypressTC2 – Streamer Test,"1234",2025-05-12 00:00:00.000,"977576C002","977576C002","309890",JNJ61186372 160G L FB,Final API,CO01,MFG Cork,STN,Sat May 08 00:00:00 EDT 2021,,ROOM_1/ROOM_2/ROOM_3/ROOM_4/SKID_1/ROOM_5/CHROMATOGRAPHY SKID_1/CHROMATOGRAPHY SKID_2/STAINLESS STEEL VESSEL/SKID_2/MIXER/SKID_3/ROOM_6,DETERMINISTIC,"11451551",Internal Conversion,"32586048","33549812"
"01966ca2-7ddd-7085-bc3d-0966f1ce7f5a-0195c72d-8fbc-7cac-8e5b-933b8b1e0e7f-1234-977576C003","0195c72d-8fbc-7cac-8e5b-933b8b1e0e7f","01966ca2-7ddd-7085-bc3d-0966f1ce7f5a",CypressTC2 – Streamer Test,"1234",2025-05-12 00:00:00.000,"977576C003","977576C003","309890",JNJ61186372 160G L FB,Final API,CO01,MFG Cork,STN,Sat May 08 00:00:00 EDT 2021,,ROOM_1/ROOM_2/ROOM_3/ROOM_4/SKID_1/ROOM_5/CHROMATOGRAPHY SKID_1/CHROMATOGRAPHY SKID_2/STAINLESS STEEL VESSEL/SKID_2/MIXER/SKID_3/ROOM_6,DETERMINISTIC,"10516221",Internal Conversion,"30664312","21771786"
"01966ca2-7ddd-7085-bc3d-0966f1ce7f5a-0195c72d-b52c-780a-a725-dec97d902876-1234-977576C003","0195c72d-b52c-780a-a725-dec97d902876","01966ca2-7ddd-7085-bc3d-0966f1ce7f5a",CypressTC2 – Streamer Test,"1234",2025-05-12 00:00:00.000,"977576C003","977576C003","309890",JNJ61186372 160G L FB,Final API,CO01,MFG Cork,STN,Sat May 08 00:00:00 EDT 2021,,ROOM_1/ROOM_2/ROOM_3/ROOM_4/SKID_1/ROOM_5/CHROMATOGRAPHY SKID_1/CHROMATOGRAPHY SKID_2/STAINLESS STEEL VESSEL/SKID_2/MIXER/SKID_3/ROOM_6,DETERMINISTIC,"8759201",Internal Conversion,"30664312","21467919"
"01966ca2-7ddd-7085-bc3d-0966f1ce7f5a-0195c72d-d2bf-75c4-a792-60800d3cda7a-1234-976490C005","0195c72d-d2bf-75c4-a792-60800d3cda7a","01966ca2-7ddd-7085-bc3d-0966f1ce7f5a",CypressTC2 – Streamer Test,"1234",2025-05-12 00:00:00.000,"976490C005","976490C005","309890",JNJ61186372 160G L FB,Final API,CO01,MFG Cork,STN,Wed May 05 00:00:00 EDT 2021,,ROOM_1/ROOM_2/ROOM_3/ROOM_4/SKID_1/ROOM_5/CHROMATOGRAPHY SKID_1/CHROMATOGRAPHY SKID_2/STAINLESS STEEL VESSEL/SKID_2/MIXER/SKID_3/ROOM_6,DETERMINISTIC,"12639061",Internal Conversion,"34305898","28082173"
"01966ca2-7ddd-7085-bc3d-0966f1ce7f5a-0195c72d-efbf-79a4-b34d-9b3447d8b8f5-1234-977576C005","0195c72d-efbf-79a4-b34d-9b3447d8b8f5","01966ca2-7ddd-7085-bc3d-0966f1ce7f5a",CypressTC2 – Streamer Test,"1234",2025-05-12 00:00:00.000,"977576C005","977576C005","309890",JNJ61186372 160G L FB,Final API,CO01,MFG Cork,STN,Sat May 08 00:00:00 EDT 2021,,ROOM_1/ROOM_2/ROOM_3/ROOM_4/SKID_1/ROOM_5/CHROMATOGRAPHY SKID_1/CHROMATOGRAPHY SKID_2/STAINLESS STEEL VESSEL/SKID_2/MIXER/SKID_3/ROOM_6,DETERMINISTIC,"6976301",Internal Conversion,"36435505","25615097"
"01966ca2-7ddd-7085-bc3d-0966f1ce7f5a-0195c72e-094f-773b-bba2-578a6d02584f-1234-976490C005","0195c72e-094f-773b-bba2-578a6d02584f","01966ca2-7ddd-7085-bc3d-0966f1ce7f5a",CypressTC2 – Streamer Test,"1234",2025-05-12 00:00:00.000,"976490C005","976490C005","309890",JNJ61186372 160G L FB,Final API,CO01,MFG Cork,STN,Wed May 05 00:00:00 EDT 2021,,ROOM_1/ROOM_2/ROOM_3/ROOM_4/SKID_1/ROOM_5/CHROMATOGRAPHY SKID_1/CHROMATOGRAPHY SKID_2/STAINLESS STEEL VESSEL/SKID_2/MIXER/SKID_3/ROOM_6,DETERMINISTIC,"6661721",Internal Conversion,"34305898","18627771"
"01966ca2-7ddd-7085-bc3d-0966f1ce7f5a-0195c72e-32b5-749e-98e9-a086ef866b22-1234-977576C005","0195c72e-32b5-749e-98e9-a086ef866b22","01966ca2-7ddd-7085-bc3d-0966f1ce7f5a",CypressTC2 – Streamer Test,"1234",2025-05-12 00:00:00.000,"977576C005","977576C005","309890",JNJ61186372 160G L FB,Final API,CO01,MFG Cork,STN,Sat May 08 00:00:00 EDT 2021,,ROOM_1/ROOM_2/ROOM_3/ROOM_4/SKID_1/ROOM_5/CHROMATOGRAPHY SKID_1/CHROMATOGRAPHY SKID_2/STAINLESS STEEL VESSEL/SKID_2/MIXER/SKID_3/ROOM_6,DETERMINISTIC,"10428771",Internal Conversion,"36435505","31963843"
"01966ca2-7ddd-7085-bc3d-0966f1ce7f5a-0195c72e-869f-76fa-98b4-742d71a23d68-1234-977576C006","0195c72e-869f-76fa-98b4-742d71a23d68","01966ca2-7ddd-7085-bc3d-0966f1ce7f5a",CypressTC2 – Streamer Test,"1234",2025-05-12 00:00:00.000,"977576C006","977576C006","309890",JNJ61186372 160G L FB,Final API,CO01,MFG Cork,STN,Sat May 08 00:00:00 EDT 2021,,ROOM_1/ROOM_2/ROOM_3/ROOM_4/SKID_1/ROOM_5/CHROMATOGRAPHY SKID_1/CHROMATOGRAPHY SKID_2/STAINLESS STEEL VESSEL/SKID_2/MIXER/SKID_3/ROOM_6,DETERMINISTIC,"12957741",Internal Conversion,"20739351","23982059"
"01966ca2-7ddd-7085-bc3d-0966f1ce7f5a-0195c72e-a3d9-7efe-afa2-05fd6862edca-1234-976490C003","0195c72e-a3d9-7efe-afa2-05fd6862edca","01966ca2-7ddd-7085-bc3d-0966f1ce7f5a",CypressTC2 – Streamer Test,"1234",2025-05-12 00:00:00.000,"976490C003","976490C003","309890",JNJ61186372 160G L FB,Final API,CO01,MFG Cork,STN,Wed May 05 00:00:00 EDT 2021,,ROOM_1/ROOM_2/ROOM_3/ROOM_4/SKID_1/ROOM_5/CHROMATOGRAPHY SKID_1/CHROMATOGRAPHY SKID_2/STAINLESS STEEL VESSEL/SKID_2/MIXER/SKID_3/ROOM_6,DETERMINISTIC,"4157171",Internal Conversion,"28616195","36157589"
"01966ca2-7ddd-7085-bc3d-0966f1ce7f5a-0195c72e-cc13-7a93-a816-0cee238e7aa1-1234-977576C004","0195c72e-cc13-7a93-a816-0cee238e7aa1","01966ca2-7ddd-7085-bc3d-0966f1ce7f5a",CypressTC2 – Streamer Test,"1234",2025-05-12 00:00:00.000,"977576C004","977576C004","309890",JNJ61186372 160G L FB,Final API,CO01,MFG Cork,STN,Sat May 08 00:00:00 EDT 2021,,ROOM_1/ROOM_2/ROOM_3/ROOM_4/SKID_1/ROOM_5/CHROMATOGRAPHY SKID_1/CHROMATOGRAPHY SKID_2/STAINLESS STEEL VESSEL/SKID_2/MIXER/SKID_3/ROOM_6,DETERMINISTIC,"15908751",Internal Conversion,"38395359","39497583"
"01966ca2-7ddd-7085-bc3d-0966f1ce7f5a-0195c72e-e5e7-7e1e-83f5-f68d12a3a90f-1234-976490C001","0195c72e-e5e7-7e1e-83f5-f68d12a3a90f","01966ca2-7ddd-7085-bc3d-0966f1ce7f5a",CypressTC2 – Streamer Test,"1234",2025-05-12 00:00:00.000,"976490C001","976490C001","309890",JNJ61186372 160G L FB,Final API,CO01,MFG Cork,STN,Wed May 05 00:00:00 EDT 2021,,ROOM_1/ROOM_2/ROOM_3/ROOM_4/SKID_1/ROOM_5/CHROMATOGRAPHY SKID_1/CHROMATOGRAPHY SKID_2/STAINLESS STEEL VESSEL/SKID_2/MIXER/SKID_3/ROOM_6,DETERMINISTIC,"14543521",Internal Conversion,"28616182","25944377"
"01966ca2-7ddd-7085-bc3d-0966f1ce7f5a-0195c72f-18de-782c-8e9d-ce7a01c84303-1234-977576C001","0195c72f-18de-782c-8e9d-ce7a01c84303","01966ca2-7ddd-7085-bc3d-0966f1ce7f5a",CypressTC2 – Streamer Test,"1234",2025-05-12 00:00:00.000,"977576C001","977576C001","309890",JNJ61186372 160G L FB,Final API,CO01,MFG Cork,STN,Sat May 08 00:00:00 EDT 2021,,ROOM_1/ROOM_2/ROOM_3/ROOM_4/SKID_1/ROOM_5/CHROMATOGRAPHY SKID_1/CHROMATOGRAPHY SKID_2/STAINLESS STEEL VESSEL/SKID_2/MIXER/SKID_3/ROOM_6,DETERMINISTIC,"12756371",Internal Conversion,"38395356","23694033"
"01966ca2-7ddd-7085-bc3d-0966f1ce7f5a-0195c72f-1ec5-71ea-9f65-5c9ba2263482-1234-976490C002","0195c72f-1ec5-71ea-9f65-5c9ba2263482","01966ca2-7ddd-7085-bc3d-0966f1ce7f5a",CypressTC2 – Streamer Test,"1234",2025-05-12 00:00:00.000,"976490C002","976490C002","309890",JNJ61186372 160G L FB,Final API,CO01,MFG Cork,STN,Wed May 05 00:00:00 EDT 2021,,ROOM_1/ROOM_2/ROOM_3/ROOM_4/SKID_1/ROOM_5/CHROMATOGRAPHY SKID_1/CHROMATOGRAPHY SKID_2/STAINLESS STEEL VESSEL/SKID_2/MIXER/SKID_3/ROOM_6,DETERMINISTIC,"13994331",Internal Conversion,"34425656","24983790"
"01966ca2-7ddd-7085-bc3d-0966f1ce7f5a-0195c72f-9b97-760f-aca8-12b2df6d9e5a-1234-977576C002","0195c72f-9b97-760f-aca8-12b2df6d9e5a","01966ca2-7ddd-7085-bc3d-0966f1ce7f5a",CypressTC2 – Streamer Test,"1234",2025-05-12 00:00:00.000,"977576C002","977576C002","309890",JNJ61186372 160G L FB,Final API,CO01,MFG Cork,STN,Sat May 08 00:00:00 EDT 2021,,ROOM_1/ROOM_2/ROOM_3/ROOM_4/SKID_1/ROOM_5/CHROMATOGRAPHY SKID_1/CHROMATOGRAPHY SKID_2/STAINLESS STEEL VESSEL/SKID_2/MIXER/SKID_3/ROOM_6,DETERMINISTIC,"11987591",Internal Conversion,"32586048","36047333"
"01966ca2-7ddd-7085-bc3d-0966f1ce7f5a-0195c731-5aa5-7592-8152-b0dd9ba5b6ed-1234-976490C001","0195c731-5aa5-7592-8152-b0dd9ba5b6ed","01966ca2-7ddd-7085-bc3d-0966f1ce7f5a",CypressTC2 – Streamer Test,"1234",2025-05-12 00:00:00.000,"976490C001","976490C001","309890",JNJ61186372 160G L FB,Final API,CO01,MFG Cork,STN,Wed May 05 00:00:00 EDT 2021,,ROOM_1/ROOM_2/ROOM_3/ROOM_4/SKID_1/ROOM_5/CHROMATOGRAPHY SKID_1/CHROMATOGRAPHY SKID_2/STAINLESS STEEL VESSEL/SKID_2/MIXER/SKID_3/ROOM_6,DETERMINISTIC,"16289221",Internal Conversion,"28616182","19849614"
"01966ca2-7ddd-7085-bc3d-0966f1ce7f5a-0195c734-7c07-79bb-8f1e-e082f93038b7-1234-977576C003","0195c734-7c07-79bb-8f1e-e082f93038b7","01966ca2-7ddd-7085-bc3d-0966f1ce7f5a",CypressTC2 – Streamer Test,"1234",2025-05-12 00:00:00.000,"977576C003","977576C003","309890",JNJ61186372 160G L FB,Final API,CO01,MFG Cork,STN,Sat May 08 00:00:00 EDT 2021,,ROOM_1/ROOM_2/ROOM_3/ROOM_4/SKID_1/ROOM_5/CHROMATOGRAPHY SKID_1/CHROMATOGRAPHY SKID_2/STAINLESS STEEL VESSEL/SKID_2/MIXER/SKID_3/ROOM_6,DETERMINISTIC,"8596701",Internal Conversion,"30664312","29786060"
"01966ca2-7ddd-7085-bc3d-0966f1ce7f5a-0195c735-011b-748b-a7af-dc1bbe86e6f2-1234-977576C006","0195c735-011b-748b-a7af-dc1bbe86e6f2","01966ca2-7ddd-7085-bc3d-0966f1ce7f5a",CypressTC2 – Streamer Test,"1234",2025-05-12 00:00:00.000,"977576C006","977576C006","309890",JNJ61186372 160G L FB,Final API,CO01,MFG Cork,STN,Sat May 08 00:00:00 EDT 2021,,ROOM_1/ROOM_2/ROOM_3/ROOM_4/SKID_1/ROOM_5/CHROMATOGRAPHY SKID_1/CHROMATOGRAPHY SKID_2/STAINLESS STEEL VESSEL/SKID_2/MIXER/SKID_3/ROOM_6,DETERMINISTIC,"4987741",Internal Conversion,"20739351","18890354"
"01966ca2-7ddd-7085-bc3d-0966f1ce7f5a-0195c736-21df-73f3-b917-b09886ba3f28-1234-977576C006","0195c736-21df-73f3-b917-b09886ba3f28","01966ca2-7ddd-7085-bc3d-0966f1ce7f5a",CypressTC2 – Streamer Test,"1234",2025-05-12 00:00:00.000,"977576C006","977576C006","309890",JNJ61186372 160G L FB,Final API,CO01,MFG Cork,STN,Sat May 08 00:00:00 EDT 2021,,ROOM_1/ROOM_2/ROOM_3/ROOM_4/SKID_1/ROOM_5/CHROMATOGRAPHY SKID_1/CHROMATOGRAPHY SKID_2/STAINLESS STEEL VESSEL/SKID_2/MIXER/SKID_3/ROOM_6,DETERMINISTIC,"10121811",Internal Conversion,"20739351","40317258"
"01966ca2-7ddd-7085-bc3d-0966f1ce7f5a-0195c736-22f5-7165-abf6-3c14c0a76cd0-1234-977576C002","0195c736-22f5-7165-abf6-3c14c0a76cd0","01966ca2-7ddd-7085-bc3d-0966f1ce7f5a",CypressTC2 – Streamer Test,"1234",2025-05-12 00:00:00.000,"977576C002","977576C002","309890",JNJ61186372 160G L FB,Final API,CO01,MFG Cork,STN,Sat May 08 00:00:00 EDT 2021,,ROOM_1/ROOM_2/ROOM_3/ROOM_4/SKID_1/ROOM_5/CHROMATOGRAPHY SKID_1/CHROMATOGRAPHY SKID_2/STAINLESS STEEL VESSEL/SKID_2/MIXER/SKID_3/ROOM_6,DETERMINISTIC,"4170641",Internal Conversion,"32586048","30663345"
"01966ca2-7ddd-7085-bc3d-0966f1ce7f5a-0195c736-4094-7a60-9e17-c19c302eb64b-1234-976490C004","0195c736-4094-7a60-9e17-c19c302eb64b","01966ca2-7ddd-7085-bc3d-0966f1ce7f5a",CypressTC2 – Streamer Test,"1234",2025-05-12 00:00:00.000,"976490C004","976490C004","309890",JNJ61186372 160G L FB,Final API,CO01,MFG Cork,STN,Wed May 05 00:00:00 EDT 2021,,ROOM_1/ROOM_2/ROOM_3/ROOM_4/SKID_1/ROOM_5/CHROMATOGRAPHY SKID_1/CHROMATOGRAPHY SKID_2/STAINLESS STEEL VESSEL/SKID_2/MIXER/SKID_3/ROOM_6,DETERMINISTIC,"13829921",Internal Conversion,"19050686","33633917"
"01966ca2-7ddd-7085-bc3d-0966f1ce7f5a-0195c736-59d7-7b5f-ae53-dda5b2305a30-1234-977136C005","0195c736-59d7-7b5f-ae53-dda5b2305a30","01966ca2-7ddd-7085-bc3d-0966f1ce7f5a",CypressTC2 – Streamer Test,"1234",2025-05-12 00:00:00.000,"977136C005","977136C005","309890",JNJ61186372 160G L FB,Final API,CO01,MFG Cork,STN,Sun May 02 00:00:00 EDT 2021,,ROOM_1/ROOM_2/ROOM_3/ROOM_4/SKID_1/ROOM_5/CHROMATOGRAPHY SKID_1/CHROMATOGRAPHY SKID_2/STAINLESS STEEL VESSEL/SKID_2/MIXER/SKID_3/ROOM_6,DETERMINISTIC,"8377031",Internal Conversion,"31885692","32307179"
"01966ca2-7ddd-7085-bc3d-0966f1ce7f5a-0195c737-1915-776b-b7fa-cc74fb428fff-1234-977576C002","0195c737-1915-776b-b7fa-cc74fb428fff","01966ca2-7ddd-7085-bc3d-0966f1ce7f5a",CypressTC2 – Streamer Test,"1234",2025-05-12 00:00:00.000,"977576C002","977576C002","309890",JNJ61186372 160G L FB,Final API,CO01,MFG Cork,STN,Sat May 08 00:00:00 EDT 2021,,ROOM_1/ROOM_2/ROOM_3/ROOM_4/SKID_1/ROOM_5/CHROMATOGRAPHY SKID_1/CHROMATOGRAPHY SKID_2/STAINLESS STEEL VESSEL/SKID_2/MIXER/SKID_3/ROOM_6,DETERMINISTIC,"14651801",Internal Conversion,"32586048","25615119"
"01966ca2-7ddd-7085-bc3d-0966f1ce7f5a-0195c737-e047-7744-b29d-3d1e6229aa30-1234-976490C001","0195c737-e047-7744-b29d-3d1e6229aa30","01966ca2-7ddd-7085-bc3d-0966f1ce7f5a",CypressTC2 – Streamer Test,"1234",2025-05-12 00:00:00.000,"976490C001","976490C001","309890",JNJ61186372 160G L FB,Final API,CO01,MFG Cork,STN,Wed May 05 00:00:00 EDT 2021,,ROOM_1/ROOM_2/ROOM_3/ROOM_4/SKID_1/ROOM_5/CHROMATOGRAPHY SKID_1/CHROMATOGRAPHY SKID_2/STAINLESS STEEL VESSEL/SKID_2/MIXER/SKID_3/ROOM_6,DETERMINISTIC,"9288381",Internal Conversion,"28616182","20668273"
"01966ca2-7ddd-7085-bc3d-0966f1ce7f5a-0195c737-f7e5-7787-8b7e-7404e4104b2c-1234-976490C002","0195c737-f7e5-7787-8b7e-7404e4104b2c","01966ca2-7ddd-7085-bc3d-0966f1ce7f5a",CypressTC2 – Streamer Test,"1234",2025-05-12 00:00:00.000,"976490C002","976490C002","309890",JNJ61186372 160G L FB,Final API,CO01,MFG Cork,STN,Wed May 05 00:00:00 EDT 2021,,ROOM_1/ROOM_2/ROOM_3/ROOM_4/SKID_1/ROOM_5/CHROMATOGRAPHY SKID_1/CHROMATOGRAPHY SKID_2/STAINLESS STEEL VESSEL/SKID_2/MIXER/SKID_3/ROOM_6,DETERMINISTIC,"14044791",Internal Conversion,"34425656","19219382"
"01966ca2-7ddd-7085-bc3d-0966f1ce7f5a-0195c738-73bf-7568-bc20-aaf2c3d1fb66-1234-977576C002","0195c738-73bf-7568-bc20-aaf2c3d1fb66","01966ca2-7ddd-7085-bc3d-0966f1ce7f5a",CypressTC2 – Streamer Test,"1234",2025-05-12 00:00:00.000,"977576C002","977576C002","309890",JNJ61186372 160G L FB,Final API,CO01,MFG Cork,STN,Sat May 08 00:00:00 EDT 2021,,ROOM_1/ROOM_2/ROOM_3/ROOM_4/SKID_1/ROOM_5/CHROMATOGRAPHY SKID_1/CHROMATOGRAPHY SKID_2/STAINLESS STEEL VESSEL/SKID_2/MIXER/SKID_3/ROOM_6,DETERMINISTIC,"8380211",Internal Conversion,"32586048","31998449"
"01966ca2-7ddd-7085-bc3d-0966f1ce7f5a-0195c738-78f1-7526-abe2-1ceb6928ed79-1234-977136C005","0195c738-78f1-7526-abe2-1ceb6928ed79","01966ca2-7ddd-7085-bc3d-0966f1ce7f5a",CypressTC2 – Streamer Test,"1234",2025-05-12 00:00:00.000,"977136C005","977136C005","309890",JNJ61186372 160G L FB,Final API,CO01,MFG Cork,STN,Sun May 02 00:00:00 EDT 2021,,ROOM_1/ROOM_2/ROOM_3/ROOM_4/SKID_1/ROOM_5/CHROMATOGRAPHY SKID_1/CHROMATOGRAPHY SKID_2/STAINLESS STEEL VESSEL/SKID_2/MIXER/SKID_3/ROOM_6,DETERMINISTIC,"12759551",Internal Conversion,"31885692","26160860"
"01966ca2-7ddd-7085-bc3d-0966f1ce7f5a-0195c738-a9ea-7f9c-b7ef-0128772797cc-1234-977576C005","0195c738-a9ea-7f9c-b7ef-0128772797cc","01966ca2-7ddd-7085-bc3d-0966f1ce7f5a",CypressTC2 – Streamer Test,"1234",2025-05-12 00:00:00.000,"977576C005","977576C005","309890",JNJ61186372 160G L FB,Final API,CO01,MFG Cork,STN,Sat May 08 00:00:00 EDT 2021,,ROOM_1/ROOM_2/ROOM_3/ROOM_4/SKID_1/ROOM_5/CHROMATOGRAPHY SKID_1/CHROMATOGRAPHY SKID_2/STAINLESS STEEL VESSEL/SKID_2/MIXER/SKID_3/ROOM_6,DETERMINISTIC,"9911451",Internal Conversion,"36435505","40317258"
"01966ca2-7ddd-7085-bc3d-0966f1ce7f5a-0195c739-fb47-7b8a-8a5b-8fddca4e1cd9-1234-977136C005","0195c739-fb47-7b8a-8a5b-8fddca4e1cd9","01966ca2-7ddd-7085-bc3d-0966f1ce7f5a",CypressTC2 – Streamer Test,"1234",2025-05-12 00:00:00.000,"977136C005","977136C005","309890",JNJ61186372 160G L FB,Final API,CO01,MFG Cork,STN,Sun May 02 00:00:00 EDT 2021,,ROOM_1/ROOM_2/ROOM_3/ROOM_4/SKID_1/ROOM_5/CHROMATOGRAPHY SKID_1/CHROMATOGRAPHY SKID_2/STAINLESS STEEL VESSEL/SKID_2/MIXER/SKID_3/ROOM_6,DETERMINISTIC,"4960231",Internal Conversion,"31885692","24023840"
"01966ca2-7ddd-7085-bc3d-0966f1ce7f5a-0195c73b-7aa4-7373-996f-f02efc9ed7f8-1234-976490C005","0195c73b-7aa4-7373-996f-f02efc9ed7f8","01966ca2-7ddd-7085-bc3d-0966f1ce7f5a",CypressTC2 – Streamer Test,"1234",2025-05-12 00:00:00.000,"976490C005","976490C005","309890",JNJ61186372 160G L FB,Final API,CO01,MFG Cork,STN,Wed May 05 00:00:00 EDT 2021,,ROOM_1/ROOM_2/ROOM_3/ROOM_4/SKID_1/ROOM_5/CHROMATOGRAPHY SKID_1/CHROMATOGRAPHY SKID_2/STAINLESS STEEL VESSEL/SKID_2/MIXER/SKID_3/ROOM_6,DETERMINISTIC,"6114221",Internal Conversion,"34305898","34122593"
"01966ca2-7ddd-7085-bc3d-0966f1ce7f5a-0195c73b-e76e-79ca-9c0d-b4a9ce9cd092-1234-976490C001","0195c73b-e76e-79ca-9c0d-b4a9ce9cd092","01966ca2-7ddd-7085-bc3d-0966f1ce7f5a",CypressTC2 – Streamer Test,"1234",2025-05-12 00:00:00.000,"976490C001","976490C001","309890",JNJ61186372 160G L FB,Final API,CO01,MFG Cork,STN,Wed May 05 00:00:00 EDT 2021,,ROOM_1/ROOM_2/ROOM_3/ROOM_4/SKID_1/ROOM_5/CHROMATOGRAPHY SKID_1/CHROMATOGRAPHY SKID_2/STAINLESS STEEL VESSEL/SKID_2/MIXER/SKID_3/ROOM_6,DETERMINISTIC,"7782391",Internal Conversion,"28616182","32845480"
"01966ca2-7ddd-7085-bc3d-0966f1ce7f5a-0195c73b-fa12-77cb-b5c3-2e10a22bb36b-1234-976490C002","0195c73b-fa12-77cb-b5c3-2e10a22bb36b","01966ca2-7ddd-7085-bc3d-0966f1ce7f5a",CypressTC2 – Streamer Test,"1234",2025-05-12 00:00:00.000,"976490C002","976490C002","309890",JNJ61186372 160G L FB,Final API,CO01,MFG Cork,STN,Wed May 05 00:00:00 EDT 2021,,ROOM_1/ROOM_2/ROOM_3/ROOM_4/SKID_1/ROOM_5/CHROMATOGRAPHY SKID_1/CHROMATOGRAPHY SKID_2/STAINLESS STEEL VESSEL/SKID_2/MIXER/SKID_3/ROOM_6,DETERMINISTIC,"5533761",Internal Conversion,"34425656","35306004"
"01966ca2-7ddd-7085-bc3d-0966f1ce7f5a-0195c73c-0649-7b7b-86a9-ce004964c795-1234-976490C004","0195c73c-0649-7b7b-86a9-ce004964c795","01966ca2-7ddd-7085-bc3d-0966f1ce7f5a",CypressTC2 – Streamer Test,"1234",2025-05-12 00:00:00.000,"976490C004","976490C004","309890",JNJ61186372 160G L FB,Final API,CO01,MFG Cork,STN,Wed May 05 00:00:00 EDT 2021,,ROOM_1/ROOM_2/ROOM_3/ROOM_4/SKID_1/ROOM_5/CHROMATOGRAPHY SKID_1/CHROMATOGRAPHY SKID_2/STAINLESS STEEL VESSEL/SKID_2/MIXER/SKID_3/ROOM_6,DETERMINISTIC,"5621151",Internal Conversion,"19050686","22771167"
"01966ca2-7ddd-7085-bc3d-0966f1ce7f5a-0195c73c-0f69-70ea-bb47-e70030762f42-1234-977136C005","0195c73c-0f69-70ea-bb47-e70030762f42","01966ca2-7ddd-7085-bc3d-0966f1ce7f5a",CypressTC2 – Streamer Test,"1234",2025-05-12 00:00:00.000,"977136C005","977136C005","309890",JNJ61186372 160G L FB,Final API,CO01,MFG Cork,STN,Sun May 02 00:00:00 EDT 2021,,ROOM_1/ROOM_2/ROOM_3/ROOM_4/SKID_1/ROOM_5/CHROMATOGRAPHY SKID_1/CHROMATOGRAPHY SKID_2/STAINLESS STEEL VESSEL/SKID_2/MIXER/SKID_3/ROOM_6,DETERMINISTIC,"4988231",Internal Conversion,"31885692","34512239"
"01966ca2-7ddd-7085-bc3d-0966f1ce7f5a-0195c73c-4cc2-774a-bef2-1546cb35e45e-1234-976490C002","0195c73c-4cc2-774a-bef2-1546cb35e45e","01966ca2-7ddd-7085-bc3d-0966f1ce7f5a",CypressTC2 – Streamer Test,"1234",2025-05-12 00:00:00.000,"976490C002","976490C002","309890",JNJ61186372 160G L FB,Final API,CO01,MFG Cork,STN,Wed May 05 00:00:00 EDT 2021,,ROOM_1/ROOM_2/ROOM_3/ROOM_4/SKID_1/ROOM_5/CHROMATOGRAPHY SKID_1/CHROMATOGRAPHY SKID_2/STAINLESS STEEL VESSEL/SKID_2/MIXER/SKID_3/ROOM_6,DETERMINISTIC,"7448561",Internal Conversion,"34425656","39577750"
"01966ca2-7ddd-7085-bc3d-0966f1ce7f5a-0195c73c-4e09-7291-8b30-c1ffceb15ca8-1234-976490C001","0195c73c-4e09-7291-8b30-c1ffceb15ca8","01966ca2-7ddd-7085-bc3d-0966f1ce7f5a",CypressTC2 – Streamer Test,"1234",2025-05-12 00:00:00.000,"976490C001","976490C001","309890",JNJ61186372 160G L FB,Final API,CO01,MFG Cork,STN,Wed May 05 00:00:00 EDT 2021,,ROOM_1/ROOM_2/ROOM_3/ROOM_4/SKID_1/ROOM_5/CHROMATOGRAPHY SKID_1/CHROMATOGRAPHY SKID_2/STAINLESS STEEL VESSEL/SKID_2/MIXER/SKID_3/ROOM_6,DETERMINISTIC,"14462751",Internal Conversion,"28616182","28395311"
"01966ca2-7ddd-7085-bc3d-0966f1ce7f5a-0195c73c-529a-711f-acbb-185033c8e8aa-1234-977576C005","0195c73c-529a-711f-acbb-185033c8e8aa","01966ca2-7ddd-7085-bc3d-0966f1ce7f5a",CypressTC2 – Streamer Test,"1234",2025-05-12 00:00:00.000,"977576C005","977576C005","309890",JNJ61186372 160G L FB,Final API,CO01,MFG Cork,STN,Sat May 08 00:00:00 EDT 2021,,ROOM_1/ROOM_2/ROOM_3/ROOM_4/SKID_1/ROOM_5/CHROMATOGRAPHY SKID_1/CHROMATOGRAPHY SKID_2/STAINLESS STEEL VESSEL/SKID_2/MIXER/SKID_3/ROOM_6,DETERMINISTIC,"6925321",Internal Conversion,"36435505","24434394"
"01966ca2-7ddd-7085-bc3d-0966f1ce7f5a-0195c73c-8c03-7480-a578-205ccf9c8869-1234-976490C004","0195c73c-8c03-7480-a578-205ccf9c8869","01966ca2-7ddd-7085-bc3d-0966f1ce7f5a",CypressTC2 – Streamer Test,"1234",2025-05-12 00:00:00.000,"976490C004","976490C004","309890",JNJ61186372 160G L FB,Final API,CO01,MFG Cork,STN,Wed May 05 00:00:00 EDT 2021,,ROOM_1/ROOM_2/ROOM_3/ROOM_4/SKID_1/ROOM_5/CHROMATOGRAPHY SKID_1/CHROMATOGRAPHY SKID_2/STAINLESS STEEL VESSEL/SKID_2/MIXER/SKID_3/ROOM_6,DETERMINISTIC,"4980971",Internal Conversion,"19050686","23354479"
"01966ca2-7ddd-7085-bc3d-0966f1ce7f5a-0195c73c-d7b4-7e1b-b3e4-e215cea337db-1234-977576C003","0195c73c-d7b4-7e1b-b3e4-e215cea337db","01966ca2-7ddd-7085-bc3d-0966f1ce7f5a",CypressTC2 – Streamer Test,"1234",2025-05-12 00:00:00.000,"977576C003","977576C003","309890",JNJ61186372 160G L FB,Final API,CO01,MFG Cork,STN,Sat May 08 00:00:00 EDT 2021,,ROOM_1/ROOM_2/ROOM_3/ROOM_4/SKID_1/ROOM_5/CHROMATOGRAPHY SKID_1/CHROMATOGRAPHY SKID_2/STAINLESS STEEL VESSEL/SKID_2/MIXER/SKID_3/ROOM_6,DETERMINISTIC,"8737241",Internal Conversion,"30664312","22100481"
"01966ca2-7ddd-7085-bc3d-0966f1ce7f5a-0195c73d-8661-790a-82b5-cc3793cc7c62-1234-976490C003","0195c73d-8661-790a-82b5-cc3793cc7c62","01966ca2-7ddd-7085-bc3d-0966f1ce7f5a",CypressTC2 – Streamer Test,"1234",2025-05-12 00:00:00.000,"976490C003","976490C003","309890",JNJ61186372 160G L FB,Final API,CO01,MFG Cork,STN,Wed May 05 00:00:00 EDT 2021,,ROOM_1/ROOM_2/ROOM_3/ROOM_4/SKID_1/ROOM_5/CHROMATOGRAPHY SKID_1/CHROMATOGRAPHY SKID_2/STAINLESS STEEL VESSEL/SKID_2/MIXER/SKID_3/ROOM_6,DETERMINISTIC,"11683231",Internal Conversion,"28616195","30907089"
"01966ca2-7ddd-7085-bc3d-0966f1ce7f5a-0195c73e-37b3-7a89-8eae-faaa3cda15e6-1234-976490C005","0195c73e-37b3-7a89-8eae-faaa3cda15e6","01966ca2-7ddd-7085-bc3d-0966f1ce7f5a",CypressTC2 – Streamer Test,"1234",2025-05-12 00:00:00.000,"976490C005","976490C005","309890",JNJ61186372 160G L FB,Final API,CO01,MFG Cork,STN,Wed May 05 00:00:00 EDT 2021,,ROOM_1/ROOM_2/ROOM_3/ROOM_4/SKID_1/ROOM_5/CHROMATOGRAPHY SKID_1/CHROMATOGRAPHY SKID_2/STAINLESS STEEL VESSEL/SKID_2/MIXER/SKID_3/ROOM_6,DETERMINISTIC,"9968391",Internal Conversion,"34305898","37006580"
"01966ca2-7ddd-7085-bc3d-0966f1ce7f5a-0195c73e-76f1-7660-a0a6-2d9a67a29136-1234-976490C004","0195c73e-76f1-7660-a0a6-2d9a67a29136","01966ca2-7ddd-7085-bc3d-0966f1ce7f5a",CypressTC2 – Streamer Test,"1234",2025-05-12 00:00:00.000,"976490C004","976490C004","309890",JNJ61186372 160G L FB,Final API,CO01,MFG Cork,STN,Wed May 05 00:00:00 EDT 2021,,ROOM_1/ROOM_2/ROOM_3/ROOM_4/SKID_1/ROOM_5/CHROMATOGRAPHY SKID_1/CHROMATOGRAPHY SKID_2/STAINLESS STEEL VESSEL/SKID_2/MIXER/SKID_3/ROOM_6,DETERMINISTIC,"16200341",Internal Conversion,"19050686","33159566"
"01966ca2-7ddd-7085-bc3d-0966f1ce7f5a-0195c73f-8aff-7c41-b141-6b4730e3d3b1-1234-976490C002","0195c73f-8aff-7c41-b141-6b4730e3d3b1","01966ca2-7ddd-7085-bc3d-0966f1ce7f5a",CypressTC2 – Streamer Test,"1234",2025-05-12 00:00:00.000,"976490C002","976490C002","309890",JNJ61186372 160G L FB,Final API,CO01,MFG Cork,STN,Wed May 05 00:00:00 EDT 2021,,ROOM_1/ROOM_2/ROOM_3/ROOM_4/SKID_1/ROOM_5/CHROMATOGRAPHY SKID_1/CHROMATOGRAPHY SKID_2/STAINLESS STEEL VESSEL/SKID_2/MIXER/SKID_3/ROOM_6,DETERMINISTIC,"17881681",Internal Conversion,"34425656","25859897"
"01966ca2-7ddd-7085-bc3d-0966f1ce7f5a-0195c740-0c3c-71e4-b629-68e8b354e921-1234-0021899364","0195c740-0c3c-71e4-b629-68e8b354e921","01966ca2-7ddd-7085-bc3d-0966f1ce7f5a",CypressTC2 – Streamer Test,"1234",2025-05-12 00:00:00.000,"0021899364","0021899364","725416",BKL 61186372NSC1003 350MG VIAL V2,Packing Material,BEP8,MFG API SM (Clinical Plant),EU2,Mon May 03 00:00:00 EDT 2021,Externally Procured Packing Material,Externally Procured Packing Material,DETERMINISTIC,"22276161",Sampling,,"18137419"
