"primary_key","object_id","product_family_id","product_family_name","product_family_number","laststreameddate","itemref","study_id","batch_number","material","sample_id","manufacture_site","stability_site","analysis","measurement","itemcondition","time_point","display_result","entered_result","units","limit_type_id","coa_limit","verification_status"
"01968265-dd3a-7ecf-97ba-98a42721ed68-0196c2da-0445-712d-bbe9-b111bd01180e-123-180085231819|GLO|SPEC-00023863|2||<=|10.0||","0196c2da-0445-712d-bbe9-b111bd01180e","01968265-dd3a-7ecf-97ba-98a42721ed68",CypressTC3 – Streamer Test,"123",2025-05-12 00:00:00.000,"180085231819|GLO|SPEC-00023863|2||<=|10.0||",Study-181251,"128388_FormC","128388_FormC","18880254",Malvern_API-L,Cork_API-L,CSDS REDUCED,AG HC,"2 - 8Â°C","3 Months","3.8","3.794",%,GLO,  <=10.0,Pass
"01968265-dd3a-7ecf-97ba-98a42721ed68-0196c2da-0445-7853-9222-3c1ba82aa38e-123-180085231817|GLO|SPEC-00023863|2||>=|90.0||","0196c2da-0445-7853-9222-3c1ba82aa38e","01968265-dd3a-7ecf-97ba-98a42721ed68",CypressTC3 – Streamer Test,"123",2025-05-12 00:00:00.000,"180085231817|GLO|SPEC-00023863|2||>=|90.0||",Study-181251,"128388_FormC","128388_FormC","18880254",Malvern_API-L,Cork_API-L,CSDS REDUCED,Purity,"2 - 8Â°C","3 Months","95.5","95.549",%,GLO,>=90.0  ,Pass
"01968265-dd3a-7ecf-97ba-98a42721ed68-0196c2da-0445-7cf8-a98b-83717db19ae7-123-180085231815|GLO|SPEC-00023863|2||>=|90.0|<=|110.0","0196c2da-0445-7cf8-a98b-83717db19ae7","01968265-dd3a-7ecf-97ba-98a42721ed68",CypressTC3 – Streamer Test,"123",2025-05-12 00:00:00.000,"180085231815|GLO|SPEC-00023863|2||>=|90.0|<=|110.0",Study-181251,"128388_FormC","128388_FormC","18880254",Malvern_API-L,Cork_API-L,CONTENT OD280,A280,"2 - 8Â°C","3 Months","92.9","92.904",mg/ml,GLO,>=90.0 <=110.0,Pass
"01968265-dd3a-7ecf-97ba-98a42721ed68-0196c2da-0446-7141-aa6a-88db10d0144e-123-180085231835|GLO|SPEC-00023863|2||>=|95.0||","0196c2da-0446-7141-aa6a-88db10d0144e","01968265-dd3a-7ecf-97ba-98a42721ed68",CypressTC3 – Streamer Test,"123",2025-05-12 00:00:00.000,"180085231835|GLO|SPEC-00023863|2||>=|95.0||",Study-181251,"128388_FormC","128388_FormC","18880254",Malvern_API-L,Cork_API-L,HI HPLC,Main Peak,"2 - 8Â°C","3 Months","97.8","97.7848",%,GLO,>=95.0  ,Pass
"01968265-dd3a-7ecf-97ba-98a42721ed68-0196c2da-0446-723b-87f5-5af601a206c4-123-180085231825||SPEC-00023863|2|||||","0196c2da-0446-723b-87f5-5af601a206c4","01968265-dd3a-7ecf-97ba-98a42721ed68",CypressTC3 – Streamer Test,"123",2025-05-12 00:00:00.000,"180085231825||SPEC-00023863|2|||||",Study-181251,"128388_FormC","128388_FormC","18880254",Malvern_API-L,Cork_API-L,CSDS NON REDUCED,Pre-IgG peak,"2 - 8Â°C","3 Months","0.7","0.701",%,"",Report result,Pass
"01968265-dd3a-7ecf-97ba-98a42721ed68-0196c2da-0446-7653-bdfa-fda7cbe68aba-123-180085231837|GLO|SPEC-00023863|2||>|-99999||","0196c2da-0446-7653-bdfa-fda7cbe68aba","01968265-dd3a-7ecf-97ba-98a42721ed68",CypressTC3 – Streamer Test,"123",2025-05-12 00:00:00.000,"180085231837|GLO|SPEC-00023863|2||>|-99999||",Study-181251,"128388_FormC","128388_FormC","18880254",Malvern_API-L,Cork_API-L,HI HPLC,Pre-peak,"2 - 8Â°C","3 Months",<1.0,"0.1897",%,GLO,Report results,Pass
"01968265-dd3a-7ecf-97ba-98a42721ed68-0196c2da-0446-7861-81f8-98c74ff96187-123-180085231823|GLO|SPEC-00023863|2||>=|90.0||","0196c2da-0446-7861-81f8-98c74ff96187","01968265-dd3a-7ecf-97ba-98a42721ed68",CypressTC3 – Streamer Test,"123",2025-05-12 00:00:00.000,"180085231823|GLO|SPEC-00023863|2||>=|90.0||",Study-181251,"128388_FormC","128388_FormC","18880254",Malvern_API-L,Cork_API-L,CSDS NON REDUCED,Purity,"2 - 8Â°C","3 Months","98.3","98.296",%,GLO,>=90.0  ,Pass
"01968265-dd3a-7ecf-97ba-98a42721ed68-0196c2da-0446-7a3b-bc77-99070786b700-123-180085231821|GLO|SPEC-00023863|2||In|NO NEW PEAK > 1.0% COMPARED TO REFERENCE MATERIAL||","0196c2da-0446-7a3b-bc77-99070786b700","01968265-dd3a-7ecf-97ba-98a42721ed68",CypressTC3 – Streamer Test,"123",2025-05-12 00:00:00.000,"180085231821|GLO|SPEC-00023863|2||In|NO NEW PEAK > 1.0% COMPARED TO REFERENCE MATERIAL||",Study-181251,"128388_FormC","128388_FormC","18880254",Malvern_API-L,Cork_API-L,CSDS REDUCED,New peaks,"2 - 8Â°C","3 Months",No new peak > 1.0% compared to Reference Material,No new peak > 1.0% compared to Reference Material,,GLO,   ,Pass
"01968265-dd3a-7ecf-97ba-98a42721ed68-0196c2da-0446-7e5f-a428-119c20429e4e-123-180085231827|GLO|SPEC-00023863|2||In|NO NEW PEAK > 1.0% COMPARED TO REFERENCE MATERIAL||","0196c2da-0446-7e5f-a428-119c20429e4e","01968265-dd3a-7ecf-97ba-98a42721ed68",CypressTC3 – Streamer Test,"123",2025-05-12 00:00:00.000,"180085231827|GLO|SPEC-00023863|2||In|NO NEW PEAK > 1.0% COMPARED TO REFERENCE MATERIAL||",Study-181251,"128388_FormC","128388_FormC","18880254",Malvern_API-L,Cork_API-L,CSDS NON REDUCED,New peaks,"2 - 8Â°C","3 Months",No new peak > 1.0% compared to Reference Material,No new peak > 1.0% compared to Reference Material,,GLO,   ,Pass
"01968265-dd3a-7ecf-97ba-98a42721ed68-0196c2da-0447-7a4f-8711-78a583cb6537-123-180085231845||SPEC-00023863|2|||||","0196c2da-0447-7a4f-8711-78a583cb6537","01968265-dd3a-7ecf-97ba-98a42721ed68",CypressTC3 – Streamer Test,"123",2025-05-12 00:00:00.000,"180085231845||SPEC-00023863|2|||||",Study-181251,"128388_FormC","128388_FormC","18880254",Malvern_API-L,Cork_API-L,CIEF,Acidic Peak 2,"2 - 8Â°C","3 Months","4.9","4.87",%,"",Report Results,Pass
"01968265-dd3a-7ecf-97ba-98a42721ed68-0196c2da-0447-7d35-bef0-4775f34d7275-123-180085231843|INH|SPEC-00023863|2||In|CONFORMS TO REFERENCE MATERIAL||","0196c2da-0447-7d35-bef0-4775f34d7275","01968265-dd3a-7ecf-97ba-98a42721ed68",CypressTC3 – Streamer Test,"123",2025-05-12 00:00:00.000,"180085231843|INH|SPEC-00023863|2||In|CONFORMS TO REFERENCE MATERIAL||",Study-181251,"128388_FormC","128388_FormC","18880254",Malvern_API-L,Cork_API-L,CIEF,cIEF,"2 - 8Â°C","3 Months",Conforms to reference material,Conforms to reference material,,INH,   ,Pass
"01968265-dd3a-7ecf-97ba-98a42721ed68-0196c2da-0447-7e4c-ae59-6ef3ecfe4caf-123-180085231839|GLO|SPEC-00023863|2||<=|5.0||","0196c2da-0447-7e4c-ae59-6ef3ecfe4caf","01968265-dd3a-7ecf-97ba-98a42721ed68",CypressTC3 – Streamer Test,"123",2025-05-12 00:00:00.000,"180085231839|GLO|SPEC-00023863|2||<=|5.0||",Study-181251,"128388_FormC","128388_FormC","18880254",Malvern_API-L,Cork_API-L,HI HPLC,Post-peak,"2 - 8Â°C","3 Months","2.0","2.0254",%,GLO,  <=5.0,Pass
"01968265-dd3a-7ecf-97ba-98a42721ed68-0196c2da-0447-7e9c-95fa-c9876889a037-123-180085231841||SPEC-00023863|2|||||","0196c2da-0447-7e9c-95fa-c9876889a037","01968265-dd3a-7ecf-97ba-98a42721ed68",CypressTC3 – Streamer Test,"123",2025-05-12 00:00:00.000,"180085231841||SPEC-00023863|2|||||",Study-181251,"128388_FormC","128388_FormC","18880254",Malvern_API-L,Cork_API-L,CIEF,Acidic Peak 1,"2 - 8Â°C","3 Months",<3.0,"1.26",%,"",Report Results,Pass
"01968265-dd3a-7ecf-97ba-98a42721ed68-0196c2da-0448-768d-812f-1b44e5203ba1-123-180085231853||SPEC-00023863|2|||||","0196c2da-0448-768d-812f-1b44e5203ba1","01968265-dd3a-7ecf-97ba-98a42721ed68",CypressTC3 – Streamer Test,"123",2025-05-12 00:00:00.000,"180085231853||SPEC-00023863|2|||||",Study-181251,"128388_FormC","128388_FormC","18880254",Malvern_API-L,Cork_API-L,CIEF,Basic Peak 6,"2 - 8Â°C","3 Months",<3.0,"2.38",%,"",Report Results,Pass
"01968265-dd3a-7ecf-97ba-98a42721ed68-0196c2da-0448-78b0-9ce7-691f1f4cd6f6-123-180085231847||SPEC-00023863|2|||||","0196c2da-0448-78b0-9ce7-691f1f4cd6f6","01968265-dd3a-7ecf-97ba-98a42721ed68",CypressTC3 – Streamer Test,"123",2025-05-12 00:00:00.000,"180085231847||SPEC-00023863|2|||||",Study-181251,"128388_FormC","128388_FormC","18880254",Malvern_API-L,Cork_API-L,CIEF,Acidic Peak 3,"2 - 8Â°C","3 Months","16.3","16.29",%,"",Report Results,Pass
"01968265-dd3a-7ecf-97ba-98a42721ed68-0196c2da-0448-7a61-95e8-91202e83afe3-123-180085231851|GLO|SPEC-00023863|2||>|-99999||","0196c2da-0448-7a61-95e8-91202e83afe3","01968265-dd3a-7ecf-97ba-98a42721ed68",CypressTC3 – Streamer Test,"123",2025-05-12 00:00:00.000,"180085231851|GLO|SPEC-00023863|2||>|-99999||",Study-181251,"128388_FormC","128388_FormC","18880254",Malvern_API-L,Cork_API-L,CIEF,Main Peak,"2 - 8Â°C","3 Months","75.2","75.18",%,GLO,Report Results,Pass
"01968265-dd3a-7ecf-97ba-98a42721ed68-0196c2da-0448-7bdf-bb43-2787afc5dd59-123-180085231855||SPEC-00023863|2|||||","0196c2da-0448-7bdf-bb43-2787afc5dd59","01968265-dd3a-7ecf-97ba-98a42721ed68",CypressTC3 – Streamer Test,"123",2025-05-12 00:00:00.000,"180085231855||SPEC-00023863|2|||||",Study-181251,"128388_FormC","128388_FormC","18880254",Malvern_API-L,Cork_API-L,CIEF,Basic Peak 7,"2 - 8Â°C","3 Months",<3.0,"0.00",%,"",Report Results,Pass
"01968265-dd3a-7ecf-97ba-98a42721ed68-0196c2da-0448-7c6a-807a-2da92d48a199-123-180085231849||SPEC-00023863|2|||||","0196c2da-0448-7c6a-807a-2da92d48a199","01968265-dd3a-7ecf-97ba-98a42721ed68",CypressTC3 – Streamer Test,"123",2025-05-12 00:00:00.000,"180085231849||SPEC-00023863|2|||||",Study-181251,"128388_FormC","128388_FormC","18880254",Malvern_API-L,Cork_API-L,CIEF,Acidic Peak 4,"2 - 8Â°C","3 Months",<3.0,"0.00",%,"",Report Results,Pass
"01968265-dd3a-7ecf-97ba-98a42721ed68-0196c2da-0449-715d-b57f-fd2e74e8d66c-123-180085231857|GLO|SPEC-00023863|2||>|-99999||","0196c2da-0449-715d-b57f-fd2e74e8d66c","01968265-dd3a-7ecf-97ba-98a42721ed68",CypressTC3 – Streamer Test,"123",2025-05-12 00:00:00.000,"180085231857|GLO|SPEC-00023863|2||>|-99999||",Study-181251,"128388_FormC","128388_FormC","18880254",Malvern_API-L,Cork_API-L,CIEF,Sum of Acidic Peaks,"2 - 8Â°C","3 Months","22.4","22.43",%,GLO,Report Results,Pass
"01968265-dd3a-7ecf-97ba-98a42721ed68-0196c2da-0449-76f4-afbc-7695706d4661-123-180085231863|GLO|SPEC-00023863|2||>=|60|<=|140","0196c2da-0449-76f4-afbc-7695706d4661","01968265-dd3a-7ecf-97ba-98a42721ed68",CypressTC3 – Streamer Test,"123",2025-05-12 00:00:00.000,"180085231863|GLO|SPEC-00023863|2||>=|60|<=|140",Study-181251,"128388_FormC","128388_FormC","18880254",Malvern_API-L,Cork_API-L,BIOASSAY,EGFR Binding,"2 - 8Â°C","3 Months","123","123",%,GLO,"60-140% activity relative to Reference Material",Pass
"01968265-dd3a-7ecf-97ba-98a42721ed68-0196c2da-0449-7ae7-8332-459fb9fcb878-123-180085231861||SPEC-00023863|2|||||","0196c2da-0449-7ae7-8332-459fb9fcb878","01968265-dd3a-7ecf-97ba-98a42721ed68",CypressTC3 – Streamer Test,"123",2025-05-12 00:00:00.000,"180085231861||SPEC-00023863|2|||||",Study-181251,"128388_FormC","128388_FormC","18880254",Malvern_API-L,Cork_API-L,BIOASSAY,Sample Position,"2 - 8Â°C","3 Months","2","2",,"",No limit,Pass
"01968265-dd3a-7ecf-97ba-98a42721ed68-0196c2da-0449-7e28-85f2-ce97507b8d8b-123-180085231865||SPEC-00023863|2|||||","0196c2da-0449-7e28-85f2-ce97507b8d8b","01968265-dd3a-7ecf-97ba-98a42721ed68",CypressTC3 – Streamer Test,"123",2025-05-12 00:00:00.000,"180085231865||SPEC-00023863|2|||||",Study-181251,"128388_FormC","128388_FormC","18880254",Malvern_API-L,Cork_API-L,BIOASSAY 1,Sample Position,"2 - 8Â°C","3 Months","2","2",,"",No limit,Pass
"01968265-dd3a-7ecf-97ba-98a42721ed68-0196c2da-0449-7fe1-971f-f3e223d080b2-123-180085231859|GLO|SPEC-00023863|2||>|-99999||","0196c2da-0449-7fe1-971f-f3e223d080b2","01968265-dd3a-7ecf-97ba-98a42721ed68",CypressTC3 – Streamer Test,"123",2025-05-12 00:00:00.000,"180085231859|GLO|SPEC-00023863|2||>|-99999||",Study-181251,"128388_FormC","128388_FormC","18880254",Malvern_API-L,Cork_API-L,CIEF,Sum of Basic Peaks,"2 - 8Â°C","3 Months",<3.0,"2.38",%,GLO,Report Results,Pass
"01968265-dd3a-7ecf-97ba-98a42721ed68-0196c2da-044a-7115-86b0-46ac32844cc0-123-180085231867|GLO|SPEC-00023863|2||>=|60|<=|140","0196c2da-044a-7115-86b0-46ac32844cc0","01968265-dd3a-7ecf-97ba-98a42721ed68",CypressTC3 – Streamer Test,"123",2025-05-12 00:00:00.000,"180085231867|GLO|SPEC-00023863|2||>=|60|<=|140",Study-181251,"128388_FormC","128388_FormC","18880254",Malvern_API-L,Cork_API-L,BIOASSAY 1,cMET Binding,"2 - 8Â°C","3 Months","100","100",%,GLO,"60-140% activity relative to Reference Material",Pass
"01968265-dd3a-7ecf-97ba-98a42721ed68-0196c2da-044a-744c-b27e-9f18b7766da8-123-180085231869||SPEC-00023863|2|||||","0196c2da-044a-744c-b27e-9f18b7766da8","01968265-dd3a-7ecf-97ba-98a42721ed68",CypressTC3 – Streamer Test,"123",2025-05-12 00:00:00.000,"180085231869||SPEC-00023863|2|||||",Study-181251,"128388_FormC","128388_FormC","18880254",Malvern_API-L,Cork_API-L,PARTICULATE MATTER 6,≥ 2.0 to < 5.0 µm ECD per ml,"2 - 8Â°C","3 Months","3001.16","3001.16",Particles/ml,"",No limit,Pass
"01968265-dd3a-7ecf-97ba-98a42721ed68-0196c2da-044b-7404-9eda-0f1d2ce59f40-123-180085231871||SPEC-00023863|2|||||","0196c2da-044b-7404-9eda-0f1d2ce59f40","01968265-dd3a-7ecf-97ba-98a42721ed68",CypressTC3 – Streamer Test,"123",2025-05-12 00:00:00.000,"180085231871||SPEC-00023863|2|||||",Study-181251,"128388_FormC","128388_FormC","18880254",Malvern_API-L,Cork_API-L,PARTICULATE MATTER 6,≥ 5.0 to < 10 µm ECD per ml,"2 - 8Â°C","3 Months","230.12","230.12",Particles/ml,"",No limit,Pass
"01968265-dd3a-7ecf-97ba-98a42721ed68-0196c2da-044b-76d3-9f14-dce6487714e9-123-180085231875||SPEC-00023863|2|||||","0196c2da-044b-76d3-9f14-dce6487714e9","01968265-dd3a-7ecf-97ba-98a42721ed68",CypressTC3 – Streamer Test,"123",2025-05-12 00:00:00.000,"180085231875||SPEC-00023863|2|||||",Study-181251,"128388_FormC","128388_FormC","18880254",Malvern_API-L,Cork_API-L,PARTICULATE MATTER 6,≥ 25 to < 70 µm ECD per ml,"2 - 8Â°C","3 Months","1.17","1.17",Particles/ml,"",No limit,Pass
"01968265-dd3a-7ecf-97ba-98a42721ed68-0196c2da-044b-7c83-8b7b-6b4da12c9a7b-123-180085231877|GLO|SPEC-00023863|2||<=|10||","0196c2da-044b-7c83-8b7b-6b4da12c9a7b","01968265-dd3a-7ecf-97ba-98a42721ed68",CypressTC3 – Streamer Test,"123",2025-05-12 00:00:00.000,"180085231877|GLO|SPEC-00023863|2||<=|10||",Study-181251,"128388_FormC","128388_FormC","18880254",Malvern_API-L,Cork_API-L,PARTICULATE MATTER 6,≥ 70 µm ECD per ml,"2 - 8Â°C","3 Months","0","0.07",Particles/ml,GLO,≥70 μm ECD : ≤10 particles per mL,Pass
"01968265-dd3a-7ecf-97ba-98a42721ed68-0196c2da-044b-7ed4-98c9-e089b5580565-123-180085231873||SPEC-00023863|2|||||","0196c2da-044b-7ed4-98c9-e089b5580565","01968265-dd3a-7ecf-97ba-98a42721ed68",CypressTC3 – Streamer Test,"123",2025-05-12 00:00:00.000,"180085231873||SPEC-00023863|2|||||",Study-181251,"128388_FormC","128388_FormC","18880254",Malvern_API-L,Cork_API-L,PARTICULATE MATTER 6,≥ 10 to < 25 µm ECD per ml,"2 - 8Â°C","3 Months","17.56","17.56",Particles/ml,"",No limit,Pass
"01968265-dd3a-7ecf-97ba-98a42721ed68-0196c2da-044c-7255-839e-f600d70de474-123-180085231881||SPEC-00023863|2|||||","0196c2da-044c-7255-839e-f600d70de474","01968265-dd3a-7ecf-97ba-98a42721ed68",CypressTC3 – Streamer Test,"123",2025-05-12 00:00:00.000,"180085231881||SPEC-00023863|2|||||",Study-181251,"128388_FormC","128388_FormC","18880254",Malvern_API-L,Cork_API-L,PARTICULATE MATTER 6,≥ 125 µm MFD per ml,"2 - 8Â°C","3 Months","0.15","0.15",Particles/ml,"",No limit,Pass
"01968265-dd3a-7ecf-97ba-98a42721ed68-0196c2da-044c-7481-9082-94bff3be0b66-123-180085231879||SPEC-00023863|2|||||","0196c2da-044c-7481-9082-94bff3be0b66","01968265-dd3a-7ecf-97ba-98a42721ed68",CypressTC3 – Streamer Test,"123",2025-05-12 00:00:00.000,"180085231879||SPEC-00023863|2|||||",Study-181251,"128388_FormC","128388_FormC","18880254",Malvern_API-L,Cork_API-L,PARTICULATE MATTER 6,≥ 70 µm MFD per ml,"2 - 8Â°C","3 Months","0.15","0.15",Particles/ml,"",No limit,Pass
"01968265-dd3a-7ecf-97ba-98a42721ed68-0196c2da-044c-7f31-a8a2-5936871fa321-123-180085231883||SPEC-00023863|2|||||","0196c2da-044c-7f31-a8a2-5936871fa321","01968265-dd3a-7ecf-97ba-98a42721ed68",CypressTC3 – Streamer Test,"123",2025-05-12 00:00:00.000,"180085231883||SPEC-00023863|2|||||",Study-181251,"128388_FormC","128388_FormC","18880254",Malvern_API-L,Cork_API-L,PARTICULATE MATTER 1,≥ 2 to < 10 µm per ml,"2 - 8Â°C","3 Months","415.86","415.86",Particles/ml,"",No limit,Pass
"01968265-dd3a-7ecf-97ba-98a42721ed68-0196c2da-044c-7f8e-893c-d2c1c3979062-123-180085231885||SPEC-00023863|2|||||","0196c2da-044c-7f8e-893c-d2c1c3979062","01968265-dd3a-7ecf-97ba-98a42721ed68",CypressTC3 – Streamer Test,"123",2025-05-12 00:00:00.000,"180085231885||SPEC-00023863|2|||||",Study-181251,"128388_FormC","128388_FormC","18880254",Malvern_API-L,Cork_API-L,PARTICULATE MATTER 1,≥ 10 to < 25 µm per ml,"2 - 8Â°C","3 Months","10.27","10.27",Particles/ml,"",No limit,Pass
"01968265-dd3a-7ecf-97ba-98a42721ed68-0196c2da-044d-7107-bee9-bf03193094ae-123-180085231899|GLO|SPEC-00023863|2||In|<= BY2;<= BY3;<= BY4;<= BY5;<= BY6;<= BY7;<= BY8;<= BY9;COLORLESS||","0196c2da-044d-7107-bee9-bf03193094ae","01968265-dd3a-7ecf-97ba-98a42721ed68",CypressTC3 – Streamer Test,"123",2025-05-12 00:00:00.000,"180085231899|GLO|SPEC-00023863|2||In|<= BY2;<= BY3;<= BY4;<= BY5;<= BY6;<= BY7;<= BY8;<= BY9;COLORLESS||",Study-181251,"128388_FormC","128388_FormC","18880255",Malvern_API-L,Cork_API-L,COLOUR SOLUTION,Brown-Yellow Series (Standard BY),"2 - 8Â°C","3 Months",<= BY6,<= BY6,,GLO,Colorless to ≤BY2,Pass
"01968265-dd3a-7ecf-97ba-98a42721ed68-0196c2da-044d-7174-a7f0-3f83e7858256-123-180085231887||SPEC-00023863|2|||||","0196c2da-044d-7174-a7f0-3f83e7858256","01968265-dd3a-7ecf-97ba-98a42721ed68",CypressTC3 – Streamer Test,"123",2025-05-12 00:00:00.000,"180085231887||SPEC-00023863|2|||||",Study-181251,"128388_FormC","128388_FormC","18880254",Malvern_API-L,Cork_API-L,PARTICULATE MATTER 1,≥ 25 µm per ml,"2 - 8Â°C","3 Months","0.00","0.00",Particles/ml,"",No limit,Pass
"01968265-dd3a-7ecf-97ba-98a42721ed68-0196c2da-044d-71d6-ba7e-01027dc2347b-123-180085231891|GLO|SPEC-00023863|2||<=|6000||","0196c2da-044d-71d6-ba7e-01027dc2347b","01968265-dd3a-7ecf-97ba-98a42721ed68",CypressTC3 – Streamer Test,"123",2025-05-12 00:00:00.000,"180085231891|GLO|SPEC-00023863|2||<=|6000||",Study-181251,"128388_FormC","128388_FormC","18880254",Malvern_API-L,Cork_API-L,PARTICULATE MATTER 1,≥ 10 µm,"2 - 8Â°C","3 Months","36","35.94",Particles/vial,GLO,  <=6000,Pass
"01968265-dd3a-7ecf-97ba-98a42721ed68-0196c2da-044d-750f-b845-a175d32c1184-123-180085231893|GLO|SPEC-00023863|2||<=|600||","0196c2da-044d-750f-b845-a175d32c1184","01968265-dd3a-7ecf-97ba-98a42721ed68",CypressTC3 – Streamer Test,"123",2025-05-12 00:00:00.000,"180085231893|GLO|SPEC-00023863|2||<=|600||",Study-181251,"128388_FormC","128388_FormC","18880254",Malvern_API-L,Cork_API-L,PARTICULATE MATTER 1,≥ 25 µm,"2 - 8Â°C","3 Months","0","0.00",Particles/vial,GLO,  <=600,Pass
"01968265-dd3a-7ecf-97ba-98a42721ed68-0196c2da-044d-7642-bc62-74f341b8b7ea-123-180085231897|GLO|SPEC-00023863|2||In|<= B2;<= B3;<= B4;<= B5;<= B6;<= B7;<= B8;<= B9;COLORLESS||","0196c2da-044d-7642-bc62-74f341b8b7ea","01968265-dd3a-7ecf-97ba-98a42721ed68",CypressTC3 – Streamer Test,"123",2025-05-12 00:00:00.000,"180085231897|GLO|SPEC-00023863|2||In|<= B2;<= B3;<= B4;<= B5;<= B6;<= B7;<= B8;<= B9;COLORLESS||",Study-181251,"128388_FormC","128388_FormC","18880255",Malvern_API-L,Cork_API-L,COLOUR SOLUTION,Brown Series (Standard B),"2 - 8Â°C","3 Months",<= B7,<= B7,,GLO,Colorless to ≤B2,Pass
"01968265-dd3a-7ecf-97ba-98a42721ed68-0196c2da-044d-7a12-ad2f-60714d29656c-123-180085231889||SPEC-00023863|2|||||","0196c2da-044d-7a12-ad2f-60714d29656c","01968265-dd3a-7ecf-97ba-98a42721ed68",CypressTC3 – Streamer Test,"123",2025-05-12 00:00:00.000,"180085231889||SPEC-00023863|2|||||",Study-181251,"128388_FormC","128388_FormC","18880254",Malvern_API-L,Cork_API-L,PARTICULATE MATTER 1,≥ 2 to < 10 µm,"2 - 8Â°C","3 Months","1456","1455.51",Particles/vial,"",No limit,Pass
"01968265-dd3a-7ecf-97ba-98a42721ed68-0196c2da-044d-7d88-abdb-89061e61ac73-123-180085231895|GLO|SPEC-00023863|2||>=|5.2|<=|6.2","0196c2da-044d-7d88-abdb-89061e61ac73","01968265-dd3a-7ecf-97ba-98a42721ed68",CypressTC3 – Streamer Test,"123",2025-05-12 00:00:00.000,"180085231895|GLO|SPEC-00023863|2||>=|5.2|<=|6.2",Study-181251,"128388_FormC","128388_FormC","18880255",Malvern_API-L,Cork_API-L,PH,pH,"2 - 8Â°C","3 Months","5.8","5.822",,GLO,>=5.2 <=6.2,Pass
"01968265-dd3a-7ecf-97ba-98a42721ed68-0196c2da-044e-70e7-8c47-722f7a59368b-123-180085231911|CHAR|SPEC-00023863|2||>|-99999||","0196c2da-044e-70e7-8c47-722f7a59368b","01968265-dd3a-7ecf-97ba-98a42721ed68",CypressTC3 – Streamer Test,"123",2025-05-12 00:00:00.000,"180085231911|CHAR|SPEC-00023863|2||>|-99999||",Study-181251,"128388_FormC","128388_FormC","18880257",Malvern_API-L,Cork_API-L,POLYSORBATE,Polysorbate 80,"2 - 8Â°C","3 Months","0.1","0.0521",%,CHAR,Report results,Pass
"01968265-dd3a-7ecf-97ba-98a42721ed68-0196c2da-044e-77b6-ab5c-b74e2cb0d43c-123-180085231905|CHAR|SPEC-00023863|2||>|-99999||","0196c2da-044e-77b6-ab5c-b74e2cb0d43c","01968265-dd3a-7ecf-97ba-98a42721ed68",CypressTC3 – Streamer Test,"123",2025-05-12 00:00:00.000,"180085231905|CHAR|SPEC-00023863|2||>|-99999||",Study-181251,"128388_FormC","128388_FormC","18880256",Malvern_API-L,Cork_API-L,BINDING ASSAY 2,FcγRIIIa binding assay,"2 - 8Â°C","3 Months","95","95",%,CHAR,Report results,Pass
"01968265-dd3a-7ecf-97ba-98a42721ed68-0196c2da-044e-77f4-9fd4-43b72957f8d8-123-180085231907|CHAR|SPEC-00023863|2||Not In|-99999||","0196c2da-044e-77f4-9fd4-43b72957f8d8","01968265-dd3a-7ecf-97ba-98a42721ed68",CypressTC3 – Streamer Test,"123",2025-05-12 00:00:00.000,"180085231907|CHAR|SPEC-00023863|2||Not In|-99999||",Study-181251,"128388_FormC","128388_FormC","18880256",Malvern_API-L,Cork_API-L,PEPTIDE MAPPING,Peptide Map,"2 - 8Â°C","3 Months",CNTO 4424-n001-01372,CNTO 4424-n001-01372,,CHAR,Report results,Pass
"01968265-dd3a-7ecf-97ba-98a42721ed68-0196c2da-044e-7e42-af0e-4a813cc704a5-123-180085231903|GLO|SPEC-00023863|2||<=|18||","0196c2da-044e-7e42-af0e-4a813cc704a5","01968265-dd3a-7ecf-97ba-98a42721ed68",CypressTC3 – Streamer Test,"123",2025-05-12 00:00:00.000,"180085231903|GLO|SPEC-00023863|2||<=|18||",Study-181251,"128388_FormC","128388_FormC","18880255",Malvern_API-L,Cork_API-L,TURBIDITY,Turbidity,"2 - 8Â°C","3 Months","5","5.27",NTU,GLO,  <=18,Pass
"01968265-dd3a-7ecf-97ba-98a42721ed68-0196c2da-044e-7fa4-93a2-7088bd9dbf01-123-180085231901|GLO|SPEC-00023863|2||In|<=Y2;<=Y3;<=Y4;<=Y5;<=Y6;<=Y7;<=Y8;<=Y9;COLORLESS||","0196c2da-044e-7fa4-93a2-7088bd9dbf01","01968265-dd3a-7ecf-97ba-98a42721ed68",CypressTC3 – Streamer Test,"123",2025-05-12 00:00:00.000,"180085231901|GLO|SPEC-00023863|2||In|<=Y2;<=Y3;<=Y4;<=Y5;<=Y6;<=Y7;<=Y8;<=Y9;COLORLESS||",Study-181251,"128388_FormC","128388_FormC","18880255",Malvern_API-L,Cork_API-L,COLOUR SOLUTION,Yellow Series (Standard Y),"2 - 8Â°C","3 Months",<=Y6,<=Y6,,GLO,Colorless to ≤Y2,Pass
"01968265-dd3a-7ecf-97ba-98a42721ed68-0196c2da-5d0f-7606-a8fc-a2128d2a2ea4-123-180086404343|GLO|SPEC-00023863|2||>=|90.0|<=|110.0","0196c2da-5d0f-7606-a8fc-a2128d2a2ea4","01968265-dd3a-7ecf-97ba-98a42721ed68",CypressTC3 – Streamer Test,"123",2025-05-12 00:00:00.000,"180086404343|GLO|SPEC-00023863|2||>=|90.0|<=|110.0",Study-181251,"128388_FormC","128388_FormC","18975905",Malvern_API-L,Cork_API-L,CONTENT OD280,A280,"40Â°C/75%RH","3 Months","94.4","94.428",mg/ml,GLO,>=90.0 <=110.0,Pass
"01968265-dd3a-7ecf-97ba-98a42721ed68-0196c2da-5d10-7226-a5fd-382be661ef17-123-180086404351|GLO|SPEC-00023863|2||>=|90.0||","0196c2da-5d10-7226-a5fd-382be661ef17","01968265-dd3a-7ecf-97ba-98a42721ed68",CypressTC3 – Streamer Test,"123",2025-05-12 00:00:00.000,"180086404351|GLO|SPEC-00023863|2||>=|90.0||",Study-181251,"128388_FormC","128388_FormC","18975905",Malvern_API-L,Cork_API-L,CSDS NON REDUCED,Purity,"40Â°C/75%RH","3 Months","91.4","91.422",%,GLO,>=90.0  ,Pass
"01968265-dd3a-7ecf-97ba-98a42721ed68-0196c2da-5d10-77f1-984f-faaa4bf0fde2-123-180086404355|GLO|SPEC-00023863|2||In|NO NEW PEAK > 1.0% COMPARED TO REFERENCE MATERIAL||","0196c2da-5d10-77f1-984f-faaa4bf0fde2","01968265-dd3a-7ecf-97ba-98a42721ed68",CypressTC3 – Streamer Test,"123",2025-05-12 00:00:00.000,"180086404355|GLO|SPEC-00023863|2||In|NO NEW PEAK > 1.0% COMPARED TO REFERENCE MATERIAL||",Study-181251,"128388_FormC","128388_FormC","18975905",Malvern_API-L,Cork_API-L,CSDS NON REDUCED,New peaks,"40Â°C/75%RH","3 Months",No new peak > 1.0% compared to Reference Material,No new peak > 1.0% compared to Reference Material,,GLO,   ,Pass
"01968265-dd3a-7ecf-97ba-98a42721ed68-0196c2da-5d10-7dcf-9a9e-1326ca28f641-123-180086404353||SPEC-00023863|2|||||","0196c2da-5d10-7dcf-9a9e-1326ca28f641","01968265-dd3a-7ecf-97ba-98a42721ed68",CypressTC3 – Streamer Test,"123",2025-05-12 00:00:00.000,"180086404353||SPEC-00023863|2|||||",Study-181251,"128388_FormC","128388_FormC","18975905",Malvern_API-L,Cork_API-L,CSDS NON REDUCED,Pre-IgG peak,"40Â°C/75%RH","3 Months","1.2","1.236",%,"",Report result,Pass
"01968265-dd3a-7ecf-97ba-98a42721ed68-0196c2da-5d11-702e-9f64-f2d3b5937111-123-180086404369||SPEC-00023863|2|||||","0196c2da-5d11-702e-9f64-f2d3b5937111","01968265-dd3a-7ecf-97ba-98a42721ed68",CypressTC3 – Streamer Test,"123",2025-05-12 00:00:00.000,"180086404369||SPEC-00023863|2|||||",Study-181251,"128388_FormC","128388_FormC","18975905",Malvern_API-L,Cork_API-L,CIEF,Acidic Peak 1,"40Â°C/75%RH","3 Months","3.6","3.60",%,"",Report Results,Fail
"01968265-dd3a-7ecf-97ba-98a42721ed68-0196c2da-5d11-7543-be55-860093fb4678-123-180086404357|GLO|SPEC-00023863|2||>=|95.0||","0196c2da-5d11-7543-be55-860093fb4678","01968265-dd3a-7ecf-97ba-98a42721ed68",CypressTC3 – Streamer Test,"123",2025-05-12 00:00:00.000,"180086404357|GLO|SPEC-00023863|2||>=|95.0||",Study-181251,"128388_FormC","128388_FormC","18975905",Malvern_API-L,Cork_API-L,SE-HPLC,Main Component,"40Â°C/75%RH","3 Months","95.5","95.4865",%,GLO,>=95.0  ,Pass
"01968265-dd3a-7ecf-97ba-98a42721ed68-0196c2da-5d11-768b-a676-8ca96743da4f-123-180086404361|GLO|SPEC-00023863|2||>|-99999||","0196c2da-5d11-768b-a676-8ca96743da4f","01968265-dd3a-7ecf-97ba-98a42721ed68",CypressTC3 – Streamer Test,"123",2025-05-12 00:00:00.000,"180086404361|GLO|SPEC-00023863|2||>|-99999||",Study-181251,"128388_FormC","128388_FormC","18975905",Malvern_API-L,Cork_API-L,SE-HPLC,LMWS,"40Â°C/75%RH","3 Months","1.8","1.8088",%,GLO,Report result,Pass
"01968265-dd3a-7ecf-97ba-98a42721ed68-0196c2da-5d11-7732-94fd-be0be3e5ffed-123-180086404359|GLO|SPEC-00023863|2||>|-99999||","0196c2da-5d11-7732-94fd-be0be3e5ffed","01968265-dd3a-7ecf-97ba-98a42721ed68",CypressTC3 – Streamer Test,"123",2025-05-12 00:00:00.000,"180086404359|GLO|SPEC-00023863|2||>|-99999||",Study-181251,"128388_FormC","128388_FormC","18975905",Malvern_API-L,Cork_API-L,SE-HPLC,HMWS,"40Â°C/75%RH","3 Months","2.7","2.7045",%,GLO,Report result,Pass
"01968265-dd3a-7ecf-97ba-98a42721ed68-0196c2da-5d11-7a1c-bba2-14d58933de64-123-180086404365|GLO|SPEC-00023863|2||>|-99999||","0196c2da-5d11-7a1c-bba2-14d58933de64","01968265-dd3a-7ecf-97ba-98a42721ed68",CypressTC3 – Streamer Test,"123",2025-05-12 00:00:00.000,"180086404365|GLO|SPEC-00023863|2||>|-99999||",Study-181251,"128388_FormC","128388_FormC","18975905",Malvern_API-L,Cork_API-L,HI HPLC,Pre-peak,"40Â°C/75%RH","3 Months","2.5","2.4503",%,GLO,Report results,Fail
"01968265-dd3a-7ecf-97ba-98a42721ed68-0196c2da-5d11-7a68-b21c-6234d2e38f15-123-180086404367|GLO|SPEC-00023863|2||<=|5.0||","0196c2da-5d11-7a68-b21c-6234d2e38f15","01968265-dd3a-7ecf-97ba-98a42721ed68",CypressTC3 – Streamer Test,"123",2025-05-12 00:00:00.000,"180086404367|GLO|SPEC-00023863|2||<=|5.0||",Study-181251,"128388_FormC","128388_FormC","18975905",Malvern_API-L,Cork_API-L,HI HPLC,Post-peak,"40Â°C/75%RH","3 Months","3.5","3.4594",%,GLO,  <=5.0,Fail
"01968265-dd3a-7ecf-97ba-98a42721ed68-0196c2da-5d11-7d79-974b-20364d82f3f8-123-180086404363|GLO|SPEC-00023863|2||>=|95.0||","0196c2da-5d11-7d79-974b-20364d82f3f8","01968265-dd3a-7ecf-97ba-98a42721ed68",CypressTC3 – Streamer Test,"123",2025-05-12 00:00:00.000,"180086404363|GLO|SPEC-00023863|2||>=|95.0||",Study-181251,"128388_FormC","128388_FormC","18975905",Malvern_API-L,Cork_API-L,HI HPLC,Main Peak,"40Â°C/75%RH","3 Months","94.1","94.0902",%,GLO,>=95.0  ,Fail
"01968265-dd3a-7ecf-97ba-98a42721ed68-0196c2da-5d12-734e-8c3e-c55db1aa48ab-123-180086404371|INH|SPEC-00023863|2||In|CONFORMS TO REFERENCE MATERIAL||","0196c2da-5d12-734e-8c3e-c55db1aa48ab","01968265-dd3a-7ecf-97ba-98a42721ed68",CypressTC3 – Streamer Test,"123",2025-05-12 00:00:00.000,"180086404371|INH|SPEC-00023863|2||In|CONFORMS TO REFERENCE MATERIAL||",Study-181251,"128388_FormC","128388_FormC","18975905",Malvern_API-L,Cork_API-L,CIEF,cIEF,"40Â°C/75%RH","3 Months",Does not conform to reference material,Does not conform to reference material,,INH,   ,Fail
"01968265-dd3a-7ecf-97ba-98a42721ed68-0196c2da-5d12-798d-b3cc-0f0affb7560f-123-180086404375||SPEC-00023863|2|||||","0196c2da-5d12-798d-b3cc-0f0affb7560f","01968265-dd3a-7ecf-97ba-98a42721ed68",CypressTC3 – Streamer Test,"123",2025-05-12 00:00:00.000,"180086404375||SPEC-00023863|2|||||",Study-181251,"128388_FormC","128388_FormC","18975905",Malvern_API-L,Cork_API-L,CIEF,Acidic Peak 3,"40Â°C/75%RH","3 Months","21.6","21.61",%,"",Report Results,Fail
"01968265-dd3a-7ecf-97ba-98a42721ed68-0196c2da-5d12-7ce2-ac2e-b524b9d1a663-123-180086404373||SPEC-00023863|2|||||","0196c2da-5d12-7ce2-ac2e-b524b9d1a663","01968265-dd3a-7ecf-97ba-98a42721ed68",CypressTC3 – Streamer Test,"123",2025-05-12 00:00:00.000,"180086404373||SPEC-00023863|2|||||",Study-181251,"128388_FormC","128388_FormC","18975905",Malvern_API-L,Cork_API-L,CIEF,Acidic Peak 2,"40Â°C/75%RH","3 Months","25.6","25.56",%,"",Report Results,Fail
"01968265-dd3a-7ecf-97ba-98a42721ed68-0196c2da-5d12-7f70-815e-47ce46833450-123-180086404377||SPEC-00023863|2|||||","0196c2da-5d12-7f70-815e-47ce46833450","01968265-dd3a-7ecf-97ba-98a42721ed68",CypressTC3 – Streamer Test,"123",2025-05-12 00:00:00.000,"180086404377||SPEC-00023863|2|||||",Study-181251,"128388_FormC","128388_FormC","18975905",Malvern_API-L,Cork_API-L,CIEF,Acidic Peak 4,"40Â°C/75%RH","3 Months","9.0","9.03",%,"",Report Results,Fail
"01968265-dd3a-7ecf-97ba-98a42721ed68-0196c2da-5d13-710b-81f1-4f97bbab9ace-123-180086404383||SPEC-00023863|2|||||","0196c2da-5d13-710b-81f1-4f97bbab9ace","01968265-dd3a-7ecf-97ba-98a42721ed68",CypressTC3 – Streamer Test,"123",2025-05-12 00:00:00.000,"180086404383||SPEC-00023863|2|||||",Study-181251,"128388_FormC","128388_FormC","18975905",Malvern_API-L,Cork_API-L,CIEF,Basic Peak 7,"40Â°C/75%RH","3 Months","5.2","5.19",%,"",Report Results,Fail
"01968265-dd3a-7ecf-97ba-98a42721ed68-0196c2da-5d13-7115-988f-5dfeade60ec3-123-180086404381||SPEC-00023863|2|||||","0196c2da-5d13-7115-988f-5dfeade60ec3","01968265-dd3a-7ecf-97ba-98a42721ed68",CypressTC3 – Streamer Test,"123",2025-05-12 00:00:00.000,"180086404381||SPEC-00023863|2|||||",Study-181251,"128388_FormC","128388_FormC","18975905",Malvern_API-L,Cork_API-L,CIEF,Basic Peak 6,"40Â°C/75%RH","3 Months",<3.0,"0.00",%,"",Report Results,Fail
"01968265-dd3a-7ecf-97ba-98a42721ed68-0196c2da-5d13-71c1-9a81-76fa18854b5d-123-180086404379|GLO|SPEC-00023863|2||>|-99999||","0196c2da-5d13-71c1-9a81-76fa18854b5d","01968265-dd3a-7ecf-97ba-98a42721ed68",CypressTC3 – Streamer Test,"123",2025-05-12 00:00:00.000,"180086404379|GLO|SPEC-00023863|2||>|-99999||",Study-181251,"128388_FormC","128388_FormC","18975905",Malvern_API-L,Cork_API-L,CIEF,Main Peak,"40Â°C/75%RH","3 Months","22.6","22.56",%,GLO,Report Results,Fail
"01968265-dd3a-7ecf-97ba-98a42721ed68-0196c2da-5d13-74b7-8651-cc0ffd0c5e71-123-180086404385|GLO|SPEC-00023863|2||>|-99999||","0196c2da-5d13-74b7-8651-cc0ffd0c5e71","01968265-dd3a-7ecf-97ba-98a42721ed68",CypressTC3 – Streamer Test,"123",2025-05-12 00:00:00.000,"180086404385|GLO|SPEC-00023863|2||>|-99999||",Study-181251,"128388_FormC","128388_FormC","18975905",Malvern_API-L,Cork_API-L,CIEF,Sum of Acidic Peaks,"40Â°C/75%RH","3 Months","72.2","72.23",%,GLO,Report Results,Fail
"01968265-dd3a-7ecf-97ba-98a42721ed68-0196c2da-5d14-7b04-a847-cef210a2cf49-123-180086404387|GLO|SPEC-00023863|2||>|-99999||","0196c2da-5d14-7b04-a847-cef210a2cf49","01968265-dd3a-7ecf-97ba-98a42721ed68",CypressTC3 – Streamer Test,"123",2025-05-12 00:00:00.000,"180086404387|GLO|SPEC-00023863|2||>|-99999||",Study-181251,"128388_FormC","128388_FormC","18975905",Malvern_API-L,Cork_API-L,CIEF,Sum of Basic Peaks,"40Â°C/75%RH","3 Months","5.2","5.19",%,GLO,Report Results,Fail
"01968265-dd3a-7ecf-97ba-98a42721ed68-0196c2da-5d18-701f-8998-dbcb24a324f8-123-180086404395|GLO|SPEC-00023863|2||>=|60|<=|140","0196c2da-5d18-701f-8998-dbcb24a324f8","01968265-dd3a-7ecf-97ba-98a42721ed68",CypressTC3 – Streamer Test,"123",2025-05-12 00:00:00.000,"180086404395|GLO|SPEC-00023863|2||>=|60|<=|140",Study-181251,"128388_FormC","128388_FormC","18975905",Malvern_API-L,Cork_API-L,BIOASSAY 1,cMET Binding,"40Â°C/75%RH","3 Months","94","94",%,GLO,"60-140% activity relative to Reference Material",Pass
"01968265-dd3a-7ecf-97ba-98a42721ed68-0196c2da-5d18-74c3-95ad-68018476a544-123-180086404389||SPEC-00023863|2|||||","0196c2da-5d18-74c3-95ad-68018476a544","01968265-dd3a-7ecf-97ba-98a42721ed68",CypressTC3 – Streamer Test,"123",2025-05-12 00:00:00.000,"180086404389||SPEC-00023863|2|||||",Study-181251,"128388_FormC","128388_FormC","18975905",Malvern_API-L,Cork_API-L,BIOASSAY,Sample Position,"40Â°C/75%RH","3 Months","2","2",,"",No limit,Pass
"01968265-dd3a-7ecf-97ba-98a42721ed68-0196c2da-5d18-7a4f-bd6b-ad46b5824450-123-180086404393||SPEC-00023863|2|||||","0196c2da-5d18-7a4f-bd6b-ad46b5824450","01968265-dd3a-7ecf-97ba-98a42721ed68",CypressTC3 – Streamer Test,"123",2025-05-12 00:00:00.000,"180086404393||SPEC-00023863|2|||||",Study-181251,"128388_FormC","128388_FormC","18975905",Malvern_API-L,Cork_API-L,BIOASSAY 1,Sample Position,"40Â°C/75%RH","3 Months","2","2",,"",No limit,Pass
"01968265-dd3a-7ecf-97ba-98a42721ed68-0196c2da-5d18-7c79-b0ed-fa612395ead5-123-180086404391|GLO|SPEC-00023863|2||>=|60|<=|140","0196c2da-5d18-7c79-b0ed-fa612395ead5","01968265-dd3a-7ecf-97ba-98a42721ed68",CypressTC3 – Streamer Test,"123",2025-05-12 00:00:00.000,"180086404391|GLO|SPEC-00023863|2||>=|60|<=|140",Study-181251,"128388_FormC","128388_FormC","18975905",Malvern_API-L,Cork_API-L,BIOASSAY,EGFR Binding,"40Â°C/75%RH","3 Months","64","64",%,GLO,"60-140% activity relative to Reference Material",Pass
"01968265-dd3a-7ecf-97ba-98a42721ed68-0196c2da-5d19-71ab-8104-c3592bf6f544-123-180086404403||SPEC-00023863|2|||||","0196c2da-5d19-71ab-8104-c3592bf6f544","01968265-dd3a-7ecf-97ba-98a42721ed68",CypressTC3 – Streamer Test,"123",2025-05-12 00:00:00.000,"180086404403||SPEC-00023863|2|||||",Study-181251,"128388_FormC","128388_FormC","18975905",Malvern_API-L,Cork_API-L,PARTICULATE MATTER 6,≥ 25 to < 70 µm ECD per ml,"40Â°C/75%RH","3 Months","0.23","0.23",Particles/ml,"",No limit,Pass
"01968265-dd3a-7ecf-97ba-98a42721ed68-0196c2da-5d19-73a5-910a-6a95e3e9bfa9-123-180086404407||SPEC-00023863|2|||||","0196c2da-5d19-73a5-910a-6a95e3e9bfa9","01968265-dd3a-7ecf-97ba-98a42721ed68",CypressTC3 – Streamer Test,"123",2025-05-12 00:00:00.000,"180086404407||SPEC-00023863|2|||||",Study-181251,"128388_FormC","128388_FormC","18975905",Malvern_API-L,Cork_API-L,PARTICULATE MATTER 6,≥ 70 µm MFD per ml,"40Â°C/75%RH","3 Months","0.00","0.00",Particles/ml,"",No limit,Pass
"01968265-dd3a-7ecf-97ba-98a42721ed68-0196c2da-5d19-73f8-88ee-203e0fd4fc08-123-180086404405|GLO|SPEC-00023863|2||<=|10||","0196c2da-5d19-73f8-88ee-203e0fd4fc08","01968265-dd3a-7ecf-97ba-98a42721ed68",CypressTC3 – Streamer Test,"123",2025-05-12 00:00:00.000,"180086404405|GLO|SPEC-00023863|2||<=|10||",Study-181251,"128388_FormC","128388_FormC","18975905",Malvern_API-L,Cork_API-L,PARTICULATE MATTER 6,≥ 70 µm ECD per ml,"40Â°C/75%RH","3 Months","0","0.00",Particles/ml,GLO,≥70 μm ECD : ≤10 particles per mL,Pass
"01968265-dd3a-7ecf-97ba-98a42721ed68-0196c2da-5d19-78a8-a896-fa32abb8a3a4-123-180086404399||SPEC-00023863|2|||||","0196c2da-5d19-78a8-a896-fa32abb8a3a4","01968265-dd3a-7ecf-97ba-98a42721ed68",CypressTC3 – Streamer Test,"123",2025-05-12 00:00:00.000,"180086404399||SPEC-00023863|2|||||",Study-181251,"128388_FormC","128388_FormC","18975905",Malvern_API-L,Cork_API-L,PARTICULATE MATTER 6,≥ 5.0 to < 10 µm ECD per ml,"40Â°C/75%RH","3 Months","397.34","397.34",Particles/ml,"",No limit,Pass
"01968265-dd3a-7ecf-97ba-98a42721ed68-0196c2da-5d19-7c5b-ba04-dd3b22fce4ef-123-180086404409||SPEC-00023863|2|||||","0196c2da-5d19-7c5b-ba04-dd3b22fce4ef","01968265-dd3a-7ecf-97ba-98a42721ed68",CypressTC3 – Streamer Test,"123",2025-05-12 00:00:00.000,"180086404409||SPEC-00023863|2|||||",Study-181251,"128388_FormC","128388_FormC","18975905",Malvern_API-L,Cork_API-L,PARTICULATE MATTER 6,≥ 125 µm MFD per ml,"40Â°C/75%RH","3 Months","0.00","0.00",Particles/ml,"",No limit,Pass
"01968265-dd3a-7ecf-97ba-98a42721ed68-0196c2da-5d19-7cb3-8fab-ef15741142e0-123-180086404401||SPEC-00023863|2|||||","0196c2da-5d19-7cb3-8fab-ef15741142e0","01968265-dd3a-7ecf-97ba-98a42721ed68",CypressTC3 – Streamer Test,"123",2025-05-12 00:00:00.000,"180086404401||SPEC-00023863|2|||||",Study-181251,"128388_FormC","128388_FormC","18975905",Malvern_API-L,Cork_API-L,PARTICULATE MATTER 6,≥ 10 to < 25 µm ECD per ml,"40Â°C/75%RH","3 Months","21.57","21.57",Particles/ml,"",No limit,Pass
"01968265-dd3a-7ecf-97ba-98a42721ed68-0196c2da-5d19-7d79-be30-d42dead5955d-123-180086404411||SPEC-00023863|2|||||","0196c2da-5d19-7d79-be30-d42dead5955d","01968265-dd3a-7ecf-97ba-98a42721ed68",CypressTC3 – Streamer Test,"123",2025-05-12 00:00:00.000,"180086404411||SPEC-00023863|2|||||",Study-181251,"128388_FormC","128388_FormC","18975905",Malvern_API-L,Cork_API-L,PARTICULATE MATTER 1,≥ 2 to < 10 µm per ml,"40Â°C/75%RH","3 Months","710.46","710.46",Particles/ml,"",No limit,Pass
"01968265-dd3a-7ecf-97ba-98a42721ed68-0196c2da-5d19-7e86-964b-ab0d036a5b0f-123-180086404397||SPEC-00023863|2|||||","0196c2da-5d19-7e86-964b-ab0d036a5b0f","01968265-dd3a-7ecf-97ba-98a42721ed68",CypressTC3 – Streamer Test,"123",2025-05-12 00:00:00.000,"180086404397||SPEC-00023863|2|||||",Study-181251,"128388_FormC","128388_FormC","18975905",Malvern_API-L,Cork_API-L,PARTICULATE MATTER 6,≥ 2.0 to < 5.0 µm ECD per ml,"40Â°C/75%RH","3 Months","6123.19","6123.19",Particles/ml,"",No limit,Pass
"01968265-dd3a-7ecf-97ba-98a42721ed68-0196c2da-5d1a-70de-a4d8-6432c54c7fd3-123-180086404413||SPEC-00023863|2|||||","0196c2da-5d1a-70de-a4d8-6432c54c7fd3","01968265-dd3a-7ecf-97ba-98a42721ed68",CypressTC3 – Streamer Test,"123",2025-05-12 00:00:00.000,"180086404413||SPEC-00023863|2|||||",Study-181251,"128388_FormC","128388_FormC","18975905",Malvern_API-L,Cork_API-L,PARTICULATE MATTER 1,≥ 10 to < 25 µm per ml,"40Â°C/75%RH","3 Months","14.47","14.47",Particles/ml,"",No limit,Pass
"01968265-dd3a-7ecf-97ba-98a42721ed68-0196c2da-5d1a-7185-a7b6-b9792f5f2ee0-123-180086404419|GLO|SPEC-00023863|2||<=|6000||","0196c2da-5d1a-7185-a7b6-b9792f5f2ee0","01968265-dd3a-7ecf-97ba-98a42721ed68",CypressTC3 – Streamer Test,"123",2025-05-12 00:00:00.000,"180086404419|GLO|SPEC-00023863|2||<=|6000||",Study-181251,"128388_FormC","128388_FormC","18975905",Malvern_API-L,Cork_API-L,PARTICULATE MATTER 1,≥ 10 µm,"40Â°C/75%RH","3 Months","55","54.98",Particles/vial,GLO,  <=6000,Pass
"01968265-dd3a-7ecf-97ba-98a42721ed68-0196c2da-5d1a-71c2-92b3-3a19396ccc66-123-180086404421|GLO|SPEC-00023863|2||<=|600||","0196c2da-5d1a-71c2-92b3-3a19396ccc66","01968265-dd3a-7ecf-97ba-98a42721ed68",CypressTC3 – Streamer Test,"123",2025-05-12 00:00:00.000,"180086404421|GLO|SPEC-00023863|2||<=|600||",Study-181251,"128388_FormC","128388_FormC","18975905",Malvern_API-L,Cork_API-L,PARTICULATE MATTER 1,≥ 25 µm,"40Â°C/75%RH","3 Months","0","0.00",Particles/vial,GLO,  <=600,Pass
"01968265-dd3a-7ecf-97ba-98a42721ed68-0196c2da-5d1a-73df-a41b-6b64c2648b83-123-180086404415||SPEC-00023863|2|||||","0196c2da-5d1a-73df-a41b-6b64c2648b83","01968265-dd3a-7ecf-97ba-98a42721ed68",CypressTC3 – Streamer Test,"123",2025-05-12 00:00:00.000,"180086404415||SPEC-00023863|2|||||",Study-181251,"128388_FormC","128388_FormC","18975905",Malvern_API-L,Cork_API-L,PARTICULATE MATTER 1,≥ 25 µm per ml,"40Â°C/75%RH","3 Months","0.00","0.00",Particles/ml,"",No limit,Pass
"01968265-dd3a-7ecf-97ba-98a42721ed68-0196c2da-5d1a-793b-9e03-722f2fdb9024-123-180086404423|GLO|SPEC-00023863|2||>=|5.2|<=|6.2","0196c2da-5d1a-793b-9e03-722f2fdb9024","01968265-dd3a-7ecf-97ba-98a42721ed68",CypressTC3 – Streamer Test,"123",2025-05-12 00:00:00.000,"180086404423|GLO|SPEC-00023863|2||>=|5.2|<=|6.2",Study-181251,"128388_FormC","128388_FormC","18975906",Malvern_API-L,Cork_API-L,PH,pH,"40Â°C/75%RH","3 Months","5.8","5.80",,GLO,>=5.2 <=6.2,Pass
"01968265-dd3a-7ecf-97ba-98a42721ed68-0196c2da-5d1a-7a92-9a6b-f22cb2d78a98-123-180086404417||SPEC-00023863|2|||||","0196c2da-5d1a-7a92-9a6b-f22cb2d78a98","01968265-dd3a-7ecf-97ba-98a42721ed68",CypressTC3 – Streamer Test,"123",2025-05-12 00:00:00.000,"180086404417||SPEC-00023863|2|||||",Study-181251,"128388_FormC","128388_FormC","18975905",Malvern_API-L,Cork_API-L,PARTICULATE MATTER 1,≥ 2 to < 10 µm,"40Â°C/75%RH","3 Months","2700","2699.74",Particles/vial,"",No limit,Pass
"01968265-dd3a-7ecf-97ba-98a42721ed68-0196c2da-5d1b-71a5-bf8c-7f91986ed1d9-123-180086404429|GLO|SPEC-00023863|2||In|<=Y2;<=Y3;<=Y4;<=Y5;<=Y6;<=Y7;<=Y8;<=Y9;COLORLESS||","0196c2da-5d1b-71a5-bf8c-7f91986ed1d9","01968265-dd3a-7ecf-97ba-98a42721ed68",CypressTC3 – Streamer Test,"123",2025-05-12 00:00:00.000,"180086404429|GLO|SPEC-00023863|2||In|<=Y2;<=Y3;<=Y4;<=Y5;<=Y6;<=Y7;<=Y8;<=Y9;COLORLESS||",Study-181251,"128388_FormC","128388_FormC","18975906",Malvern_API-L,Cork_API-L,COLOUR SOLUTION,Yellow Series (Standard Y),"40Â°C/75%RH","3 Months",<=Y6,<=Y6,,GLO,Colorless to ≤Y2,Pass
"01968265-dd3a-7ecf-97ba-98a42721ed68-0196c2da-5d1b-71ed-8e89-fdfa160b71a7-123-180086404425|GLO|SPEC-00023863|2||In|<= B2;<= B3;<= B4;<= B5;<= B6;<= B7;<= B8;<= B9;COLORLESS||","0196c2da-5d1b-71ed-8e89-fdfa160b71a7","01968265-dd3a-7ecf-97ba-98a42721ed68",CypressTC3 – Streamer Test,"123",2025-05-12 00:00:00.000,"180086404425|GLO|SPEC-00023863|2||In|<= B2;<= B3;<= B4;<= B5;<= B6;<= B7;<= B8;<= B9;COLORLESS||",Study-181251,"128388_FormC","128388_FormC","18975906",Malvern_API-L,Cork_API-L,COLOUR SOLUTION,Brown Series (Standard B),"40Â°C/75%RH","3 Months",<= B6,<= B6,,GLO,Colorless to ≤B2,Pass
"01968265-dd3a-7ecf-97ba-98a42721ed68-0196c2da-5d1b-7782-b9f9-34c4680d94d4-123-180086404431|GLO|SPEC-00023863|2||<=|18||","0196c2da-5d1b-7782-b9f9-34c4680d94d4","01968265-dd3a-7ecf-97ba-98a42721ed68",CypressTC3 – Streamer Test,"123",2025-05-12 00:00:00.000,"180086404431|GLO|SPEC-00023863|2||<=|18||",Study-181251,"128388_FormC","128388_FormC","18975906",Malvern_API-L,Cork_API-L,TURBIDITY,Turbidity,"40Â°C/75%RH","3 Months","6","6.05",NTU,GLO,  <=18,Pass
"01968265-dd3a-7ecf-97ba-98a42721ed68-0196c2da-5d1b-79c6-b893-a2f3a14336d7-123-180086404427|GLO|SPEC-00023863|2||In|<= BY2;<= BY3;<= BY4;<= BY5;<= BY6;<= BY7;<= BY8;<= BY9;COLORLESS||","0196c2da-5d1b-79c6-b893-a2f3a14336d7","01968265-dd3a-7ecf-97ba-98a42721ed68",CypressTC3 – Streamer Test,"123",2025-05-12 00:00:00.000,"180086404427|GLO|SPEC-00023863|2||In|<= BY2;<= BY3;<= BY4;<= BY5;<= BY6;<= BY7;<= BY8;<= BY9;COLORLESS||",Study-181251,"128388_FormC","128388_FormC","18975906",Malvern_API-L,Cork_API-L,COLOUR SOLUTION,Brown-Yellow Series (Standard BY),"40Â°C/75%RH","3 Months",<= BY6,<= BY6,,GLO,Colorless to ≤BY2,Pass
"01968265-dd3a-7ecf-97ba-98a42721ed68-0196c2da-5d1c-7400-ba18-f848c62542ed-123-180086404435|CHAR|SPEC-00023863|2||Not In|-99999||","0196c2da-5d1c-7400-ba18-f848c62542ed","01968265-dd3a-7ecf-97ba-98a42721ed68",CypressTC3 – Streamer Test,"123",2025-05-12 00:00:00.000,"180086404435|CHAR|SPEC-00023863|2||Not In|-99999||",Study-181251,"128388_FormC","128388_FormC","18975907",Malvern_API-L,Cork_API-L,PEPTIDE MAPPING,Peptide Map,"40Â°C/75%RH","3 Months",CNTO 4424-n001-01372,CNTO 4424-n001-01372,,CHAR,Report results,Pass
"01968265-dd3a-7ecf-97ba-98a42721ed68-0196c2da-5d1c-7570-b354-ad988069b5d0-123-180086404439|CHAR|SPEC-00023863|2||>|-99999||","0196c2da-5d1c-7570-b354-ad988069b5d0","01968265-dd3a-7ecf-97ba-98a42721ed68",CypressTC3 – Streamer Test,"123",2025-05-12 00:00:00.000,"180086404439|CHAR|SPEC-00023863|2||>|-99999||",Study-181251,"128388_FormC","128388_FormC","18975908",Malvern_API-L,Cork_API-L,POLYSORBATE,Polysorbate 80,"40Â°C/75%RH","3 Months","0.0","0.0492",%,CHAR,Report results,Pass
"01968265-dd3a-7ecf-97ba-98a42721ed68-0196c2da-5d1c-7c46-a36f-37f18d69a909-123-180086404433|CHAR|SPEC-00023863|2||>|-99999||","0196c2da-5d1c-7c46-a36f-37f18d69a909","01968265-dd3a-7ecf-97ba-98a42721ed68",CypressTC3 – Streamer Test,"123",2025-05-12 00:00:00.000,"180086404433|CHAR|SPEC-00023863|2||>|-99999||",Study-181251,"128388_FormC","128388_FormC","18975907",Malvern_API-L,Cork_API-L,BINDING ASSAY 2,FcγRIIIa binding assay,"40Â°C/75%RH","3 Months","65","65",%,CHAR,Report results,Pass
"01968265-dd3a-7ecf-97ba-98a42721ed68-0196c2da-6ad9-7357-bc32-d79db61cd212-123-180086555015|GLO|SPEC-00023863|2||>|-99999||","0196c2da-6ad9-7357-bc32-d79db61cd212","01968265-dd3a-7ecf-97ba-98a42721ed68",CypressTC3 – Streamer Test,"123",2025-05-12 00:00:00.000,"180086555015|GLO|SPEC-00023863|2||>|-99999||",Study-181251,"128388_FormC","128388_FormC","18880254",Malvern_API-L,Cork_API-L,SE-HPLC,HMWS,"2 - 8Â°C","3 Months","1.1","1.0881",%,GLO,Report result,Pass
"01968265-dd3a-7ecf-97ba-98a42721ed68-0196c2da-6ad9-77ef-b3a0-2edf350e2669-123-180086555013|GLO|SPEC-00023863|2||>=|95.0||","0196c2da-6ad9-77ef-b3a0-2edf350e2669","01968265-dd3a-7ecf-97ba-98a42721ed68",CypressTC3 – Streamer Test,"123",2025-05-12 00:00:00.000,"180086555013|GLO|SPEC-00023863|2||>=|95.0||",Study-181251,"128388_FormC","128388_FormC","18880254",Malvern_API-L,Cork_API-L,SE-HPLC,Main Component,"2 - 8Â°C","3 Months","98.9","98.8655",%,GLO,>=95.0  ,Pass
"01968265-dd3a-7ecf-97ba-98a42721ed68-0196c2da-6ada-78be-a07a-1c4d0b834079-123-180086555017|GLO|SPEC-00023863|2||>|-99999||","0196c2da-6ada-78be-a07a-1c4d0b834079","01968265-dd3a-7ecf-97ba-98a42721ed68",CypressTC3 – Streamer Test,"123",2025-05-12 00:00:00.000,"180086555017|GLO|SPEC-00023863|2||>|-99999||",Study-181251,"128388_FormC","128388_FormC","18880254",Malvern_API-L,Cork_API-L,SE-HPLC,LMWS,"2 - 8Â°C","3 Months",<0.1,"0.0462",%,GLO,Report result,Pass
"01968265-dd3a-7ecf-97ba-98a42721ed68-0196c2da-7178-7c6b-b244-abaf88ffc38e-123-180086665953|GLO|SPEC-00023863|2||>=|90.0|<=|110.0","0196c2da-7178-7c6b-b244-abaf88ffc38e","01968265-dd3a-7ecf-97ba-98a42721ed68",CypressTC3 – Streamer Test,"123",2025-05-12 00:00:00.000,"180086665953|GLO|SPEC-00023863|2||>=|90.0|<=|110.0",Study-181251,"128388_FormC","128388_FormC","80000079",Malvern_API-L,Cork_API-L,CONTENT OD280,A280,"25Â°C/60%RH","3 Months","92.0","91.952",mg/ml,GLO,>=90.0 <=110.0,Pass
"01968265-dd3a-7ecf-97ba-98a42721ed68-0196c2da-7179-7100-8397-94687052fe15-123-180086665963||SPEC-00023863|2|||||","0196c2da-7179-7100-8397-94687052fe15","01968265-dd3a-7ecf-97ba-98a42721ed68",CypressTC3 – Streamer Test,"123",2025-05-12 00:00:00.000,"180086665963||SPEC-00023863|2|||||",Study-181251,"128388_FormC","128388_FormC","80000079",Malvern_API-L,Cork_API-L,CSDS NON REDUCED,Pre-IgG peak,"25Â°C/60%RH","3 Months","0.9","0.929",%,"",Report result,Pass
"01968265-dd3a-7ecf-97ba-98a42721ed68-0196c2da-7179-7351-9cd9-2e55bd1a9fa4-123-180086665975|GLO|SPEC-00023863|2||>|-99999||","0196c2da-7179-7351-9cd9-2e55bd1a9fa4","01968265-dd3a-7ecf-97ba-98a42721ed68",CypressTC3 – Streamer Test,"123",2025-05-12 00:00:00.000,"180086665975|GLO|SPEC-00023863|2||>|-99999||",Study-181251,"128388_FormC","128388_FormC","80000079",Malvern_API-L,Cork_API-L,HI HPLC,Pre-peak,"25Â°C/60%RH","3 Months",<1.0,"0.5378",%,GLO,Report results,Pass
"01968265-dd3a-7ecf-97ba-98a42721ed68-0196c2da-7179-7541-aa1e-441a4ce38a9e-123-180086665969|GLO|SPEC-00023863|2||>|-99999||","0196c2da-7179-7541-aa1e-441a4ce38a9e","01968265-dd3a-7ecf-97ba-98a42721ed68",CypressTC3 – Streamer Test,"123",2025-05-12 00:00:00.000,"180086665969|GLO|SPEC-00023863|2||>|-99999||",Study-181251,"128388_FormC","128388_FormC","80000079",Malvern_API-L,Cork_API-L,SE-HPLC,HMWS,"25Â°C/60%RH","3 Months","1.4","1.4249",%,GLO,Report result,Pass
"01968265-dd3a-7ecf-97ba-98a42721ed68-0196c2da-7179-7568-ab1b-6bf538562b2e-123-180086665965|GLO|SPEC-00023863|2||In|NO NEW PEAK > 1.0% COMPARED TO REFERENCE MATERIAL||","0196c2da-7179-7568-ab1b-6bf538562b2e","01968265-dd3a-7ecf-97ba-98a42721ed68",CypressTC3 – Streamer Test,"123",2025-05-12 00:00:00.000,"180086665965|GLO|SPEC-00023863|2||In|NO NEW PEAK > 1.0% COMPARED TO REFERENCE MATERIAL||",Study-181251,"128388_FormC","128388_FormC","80000079",Malvern_API-L,Cork_API-L,CSDS NON REDUCED,New peaks,"25Â°C/60%RH","3 Months",No new peak > 1.0% compared to Reference Material,No new peak > 1.0% compared to Reference Material,,GLO,   ,Pass
"01968265-dd3a-7ecf-97ba-98a42721ed68-0196c2da-7179-771e-9a55-3f7f63d20a08-123-180086665973|GLO|SPEC-00023863|2||>=|95.0||","0196c2da-7179-771e-9a55-3f7f63d20a08","01968265-dd3a-7ecf-97ba-98a42721ed68",CypressTC3 – Streamer Test,"123",2025-05-12 00:00:00.000,"180086665973|GLO|SPEC-00023863|2||>=|95.0||",Study-181251,"128388_FormC","128388_FormC","80000079",Malvern_API-L,Cork_API-L,HI HPLC,Main Peak,"25Â°C/60%RH","3 Months","97.4","97.4188",%,GLO,>=95.0  ,Pass
"01968265-dd3a-7ecf-97ba-98a42721ed68-0196c2da-7179-7871-b529-ddbd8ef6288c-123-180086665961|GLO|SPEC-00023863|2||>=|90.0||","0196c2da-7179-7871-b529-ddbd8ef6288c","01968265-dd3a-7ecf-97ba-98a42721ed68",CypressTC3 – Streamer Test,"123",2025-05-12 00:00:00.000,"180086665961|GLO|SPEC-00023863|2||>=|90.0||",Study-181251,"128388_FormC","128388_FormC","80000079",Malvern_API-L,Cork_API-L,CSDS NON REDUCED,Purity,"25Â°C/60%RH","3 Months","96.8","96.767",%,GLO,>=90.0  ,Pass
"01968265-dd3a-7ecf-97ba-98a42721ed68-0196c2da-7179-787f-9094-6b578c2aba6f-123-180086665967|GLO|SPEC-00023863|2||>=|95.0||","0196c2da-7179-787f-9094-6b578c2aba6f","01968265-dd3a-7ecf-97ba-98a42721ed68",CypressTC3 – Streamer Test,"123",2025-05-12 00:00:00.000,"180086665967|GLO|SPEC-00023863|2||>=|95.0||",Study-181251,"128388_FormC","128388_FormC","80000079",Malvern_API-L,Cork_API-L,SE-HPLC,Main Component,"25Â°C/60%RH","3 Months","98.3","98.2934",%,GLO,>=95.0  ,Pass
"01968265-dd3a-7ecf-97ba-98a42721ed68-0196c2da-7179-78c8-9238-82dfbf9d59f3-123-180086665971|GLO|SPEC-00023863|2||>|-99999||","0196c2da-7179-78c8-9238-82dfbf9d59f3","01968265-dd3a-7ecf-97ba-98a42721ed68",CypressTC3 – Streamer Test,"123",2025-05-12 00:00:00.000,"180086665971|GLO|SPEC-00023863|2||>|-99999||",Study-181251,"128388_FormC","128388_FormC","80000079",Malvern_API-L,Cork_API-L,SE-HPLC,LMWS,"25Â°C/60%RH","3 Months","0.3","0.2816",%,GLO,Report result,Pass
"01968265-dd3a-7ecf-97ba-98a42721ed68-0196c2da-717a-7665-8cd1-da18359bb7df-123-180086665983||SPEC-00023863|2|||||","0196c2da-717a-7665-8cd1-da18359bb7df","01968265-dd3a-7ecf-97ba-98a42721ed68",CypressTC3 – Streamer Test,"123",2025-05-12 00:00:00.000,"180086665983||SPEC-00023863|2|||||",Study-181251,"128388_FormC","128388_FormC","80000079",Malvern_API-L,Cork_API-L,CIEF,Acidic Peak 2,"25Â°C/60%RH","3 Months","5.4","5.38",%,"",Report Results,Pass
"01968265-dd3a-7ecf-97ba-98a42721ed68-0196c2da-717a-7ba9-9f30-5dc668caed5a-123-180086665977|GLO|SPEC-00023863|2||<=|5.0||","0196c2da-717a-7ba9-9f30-5dc668caed5a","01968265-dd3a-7ecf-97ba-98a42721ed68",CypressTC3 – Streamer Test,"123",2025-05-12 00:00:00.000,"180086665977|GLO|SPEC-00023863|2||<=|5.0||",Study-181251,"128388_FormC","128388_FormC","80000079",Malvern_API-L,Cork_API-L,HI HPLC,Post-peak,"25Â°C/60%RH","3 Months","2.0","2.0433",%,GLO,  <=5.0,Pass
"01968265-dd3a-7ecf-97ba-98a42721ed68-0196c2da-717a-7d0a-8160-603e687561c9-123-180086665979||SPEC-00023863|2|||||","0196c2da-717a-7d0a-8160-603e687561c9","01968265-dd3a-7ecf-97ba-98a42721ed68",CypressTC3 – Streamer Test,"123",2025-05-12 00:00:00.000,"180086665979||SPEC-00023863|2|||||",Study-181251,"128388_FormC","128388_FormC","80000079",Malvern_API-L,Cork_API-L,CIEF,Acidic Peak 1,"25Â°C/60%RH","3 Months",<3.0,"1.14",%,"",Report Results,Pass
"01968265-dd3a-7ecf-97ba-98a42721ed68-0196c2da-717a-7d2d-bc78-25569d51fd8a-123-180086665981|INH|SPEC-00023863|2||In|CONFORMS TO REFERENCE MATERIAL||","0196c2da-717a-7d2d-bc78-25569d51fd8a","01968265-dd3a-7ecf-97ba-98a42721ed68",CypressTC3 – Streamer Test,"123",2025-05-12 00:00:00.000,"180086665981|INH|SPEC-00023863|2||In|CONFORMS TO REFERENCE MATERIAL||",Study-181251,"128388_FormC","128388_FormC","80000079",Malvern_API-L,Cork_API-L,CIEF,cIEF,"25Â°C/60%RH","3 Months",Conforms to reference material,Conforms to reference material,,INH,   ,Pass
"01968265-dd3a-7ecf-97ba-98a42721ed68-0196c2da-717b-7029-8c6b-a8c0abb44dc6-123-180086665993||SPEC-00023863|2|||||","0196c2da-717b-7029-8c6b-a8c0abb44dc6","01968265-dd3a-7ecf-97ba-98a42721ed68",CypressTC3 – Streamer Test,"123",2025-05-12 00:00:00.000,"180086665993||SPEC-00023863|2|||||",Study-181251,"128388_FormC","128388_FormC","80000079",Malvern_API-L,Cork_API-L,CIEF,Basic Peak 7,"25Â°C/60%RH","3 Months",<3.0,"0.00",%,"",Report Results,Pass
"01968265-dd3a-7ecf-97ba-98a42721ed68-0196c2da-717b-70da-bc78-07f8fcfc14bf-123-180086665995|GLO|SPEC-00023863|2||>|-99999||","0196c2da-717b-70da-bc78-07f8fcfc14bf","01968265-dd3a-7ecf-97ba-98a42721ed68",CypressTC3 – Streamer Test,"123",2025-05-12 00:00:00.000,"180086665995|GLO|SPEC-00023863|2||>|-99999||",Study-181251,"128388_FormC","128388_FormC","80000079",Malvern_API-L,Cork_API-L,CIEF,Sum of Acidic Peaks,"25Â°C/60%RH","3 Months","32.6","32.61",%,GLO,Report Results,Pass
"01968265-dd3a-7ecf-97ba-98a42721ed68-0196c2da-717b-719b-ac63-2131ac2a80f0-123-180086665991||SPEC-00023863|2|||||","0196c2da-717b-719b-ac63-2131ac2a80f0","01968265-dd3a-7ecf-97ba-98a42721ed68",CypressTC3 – Streamer Test,"123",2025-05-12 00:00:00.000,"180086665991||SPEC-00023863|2|||||",Study-181251,"128388_FormC","128388_FormC","80000079",Malvern_API-L,Cork_API-L,CIEF,Basic Peak 6,"25Â°C/60%RH","3 Months","4.1","4.09",%,"",Report Results,Pass
"01968265-dd3a-7ecf-97ba-98a42721ed68-0196c2da-717b-754f-aabe-1fb643e41514-123-180086665987||SPEC-00023863|2|||||","0196c2da-717b-754f-aabe-1fb643e41514","01968265-dd3a-7ecf-97ba-98a42721ed68",CypressTC3 – Streamer Test,"123",2025-05-12 00:00:00.000,"180086665987||SPEC-00023863|2|||||",Study-181251,"128388_FormC","128388_FormC","80000079",Malvern_API-L,Cork_API-L,CIEF,Acidic Peak 4,"25Â°C/60%RH","3 Months","4.3","4.26",%,"",Report Results,Pass
"01968265-dd3a-7ecf-97ba-98a42721ed68-0196c2da-717b-787c-98f0-300bf25ede1d-123-180086665985||SPEC-00023863|2|||||","0196c2da-717b-787c-98f0-300bf25ede1d","01968265-dd3a-7ecf-97ba-98a42721ed68",CypressTC3 – Streamer Test,"123",2025-05-12 00:00:00.000,"180086665985||SPEC-00023863|2|||||",Study-181251,"128388_FormC","128388_FormC","80000079",Malvern_API-L,Cork_API-L,CIEF,Acidic Peak 3,"25Â°C/60%RH","3 Months","21.8","21.82",%,"",Report Results,Pass
"01968265-dd3a-7ecf-97ba-98a42721ed68-0196c2da-717b-7992-8439-6b1f18c8557f-123-180086665989|GLO|SPEC-00023863|2||>|-99999||","0196c2da-717b-7992-8439-6b1f18c8557f","01968265-dd3a-7ecf-97ba-98a42721ed68",CypressTC3 – Streamer Test,"123",2025-05-12 00:00:00.000,"180086665989|GLO|SPEC-00023863|2||>|-99999||",Study-181251,"128388_FormC","128388_FormC","80000079",Malvern_API-L,Cork_API-L,CIEF,Main Peak,"25Â°C/60%RH","3 Months","63.3","63.29",%,GLO,Report Results,Pass
"01968265-dd3a-7ecf-97ba-98a42721ed68-0196c2da-717c-70f7-bf98-a8682286c0a3-123-180086665997|GLO|SPEC-00023863|2||>|-99999||","0196c2da-717c-70f7-bf98-a8682286c0a3","01968265-dd3a-7ecf-97ba-98a42721ed68",CypressTC3 – Streamer Test,"123",2025-05-12 00:00:00.000,"180086665997|GLO|SPEC-00023863|2||>|-99999||",Study-181251,"128388_FormC","128388_FormC","80000079",Malvern_API-L,Cork_API-L,CIEF,Sum of Basic Peaks,"25Â°C/60%RH","3 Months","4.1","4.09",%,GLO,Report Results,Pass
"01968265-dd3a-7ecf-97ba-98a42721ed68-0196c2da-717c-7170-822b-55aa1ef86c9a-123-180086666007||SPEC-00023863|2|||||","0196c2da-717c-7170-822b-55aa1ef86c9a","01968265-dd3a-7ecf-97ba-98a42721ed68",CypressTC3 – Streamer Test,"123",2025-05-12 00:00:00.000,"180086666007||SPEC-00023863|2|||||",Study-181251,"128388_FormC","128388_FormC","80000079",Malvern_API-L,Cork_API-L,PARTICULATE MATTER 6,≥ 2.0 to < 5.0 µm ECD per ml,"25Â°C/60%RH","3 Months","4356.84","4356.84",Particles/ml,"",No limit,Pass
"01968265-dd3a-7ecf-97ba-98a42721ed68-0196c2da-717c-7331-83bf-af66d2e0da4d-123-180086666001|GLO|SPEC-00023863|2||>=|60|<=|140","0196c2da-717c-7331-83bf-af66d2e0da4d","01968265-dd3a-7ecf-97ba-98a42721ed68",CypressTC3 – Streamer Test,"123",2025-05-12 00:00:00.000,"180086666001|GLO|SPEC-00023863|2||>=|60|<=|140",Study-181251,"128388_FormC","128388_FormC","80000079",Malvern_API-L,Cork_API-L,BIOASSAY,EGFR Binding,"25Â°C/60%RH","3 Months","115","115",%,GLO,"60-140% activity relative to Reference Material",Pass
"01968265-dd3a-7ecf-97ba-98a42721ed68-0196c2da-717c-7493-a948-872b60179e7d-123-180086666005|GLO|SPEC-00023863|2||>=|60|<=|140","0196c2da-717c-7493-a948-872b60179e7d","01968265-dd3a-7ecf-97ba-98a42721ed68",CypressTC3 – Streamer Test,"123",2025-05-12 00:00:00.000,"180086666005|GLO|SPEC-00023863|2||>=|60|<=|140",Study-181251,"128388_FormC","128388_FormC","80000079",Malvern_API-L,Cork_API-L,BIOASSAY 1,cMET Binding,"25Â°C/60%RH","3 Months","90","90",%,GLO,"60-140% activity relative to Reference Material",Pass
"01968265-dd3a-7ecf-97ba-98a42721ed68-0196c2da-717c-75c8-967a-470ce9968f2b-123-180086666009||SPEC-00023863|2|||||","0196c2da-717c-75c8-967a-470ce9968f2b","01968265-dd3a-7ecf-97ba-98a42721ed68",CypressTC3 – Streamer Test,"123",2025-05-12 00:00:00.000,"180086666009||SPEC-00023863|2|||||",Study-181251,"128388_FormC","128388_FormC","80000079",Malvern_API-L,Cork_API-L,PARTICULATE MATTER 6,≥ 5.0 to < 10 µm ECD per ml,"25Â°C/60%RH","3 Months","310.96","310.96",Particles/ml,"",No limit,Pass
"01968265-dd3a-7ecf-97ba-98a42721ed68-0196c2da-717c-7752-9533-50d4ceb6dfc6-123-180086666003||SPEC-00023863|2|||||","0196c2da-717c-7752-9533-50d4ceb6dfc6","01968265-dd3a-7ecf-97ba-98a42721ed68",CypressTC3 – Streamer Test,"123",2025-05-12 00:00:00.000,"180086666003||SPEC-00023863|2|||||",Study-181251,"128388_FormC","128388_FormC","80000079",Malvern_API-L,Cork_API-L,BIOASSAY 1,Sample Position,"25Â°C/60%RH","3 Months","1","1",,"",No limit,Pass
"01968265-dd3a-7ecf-97ba-98a42721ed68-0196c2da-717c-7a39-a69f-1407ac14cde5-123-180086666011||SPEC-00023863|2|||||","0196c2da-717c-7a39-a69f-1407ac14cde5","01968265-dd3a-7ecf-97ba-98a42721ed68",CypressTC3 – Streamer Test,"123",2025-05-12 00:00:00.000,"180086666011||SPEC-00023863|2|||||",Study-181251,"128388_FormC","128388_FormC","80000079",Malvern_API-L,Cork_API-L,PARTICULATE MATTER 6,≥ 10 to < 25 µm ECD per ml,"25Â°C/60%RH","3 Months","19.26","19.26",Particles/ml,"",No limit,Pass
"01968265-dd3a-7ecf-97ba-98a42721ed68-0196c2da-717c-7dc7-aea0-9f9ed8eb8953-123-180086665999||SPEC-00023863|2|||||","0196c2da-717c-7dc7-aea0-9f9ed8eb8953","01968265-dd3a-7ecf-97ba-98a42721ed68",CypressTC3 – Streamer Test,"123",2025-05-12 00:00:00.000,"180086665999||SPEC-00023863|2|||||",Study-181251,"128388_FormC","128388_FormC","80000079",Malvern_API-L,Cork_API-L,BIOASSAY,Sample Position,"25Â°C/60%RH","3 Months","1","1",,"",No limit,Pass
"01968265-dd3a-7ecf-97ba-98a42721ed68-0196c2da-717d-7082-af4f-43f3265bb58e-123-180086666013||SPEC-00023863|2|||||","0196c2da-717d-7082-af4f-43f3265bb58e","01968265-dd3a-7ecf-97ba-98a42721ed68",CypressTC3 – Streamer Test,"123",2025-05-12 00:00:00.000,"180086666013||SPEC-00023863|2|||||",Study-181251,"128388_FormC","128388_FormC","80000079",Malvern_API-L,Cork_API-L,PARTICULATE MATTER 6,≥ 25 to < 70 µm ECD per ml,"25Â°C/60%RH","3 Months","0.93","0.93",Particles/ml,"",No limit,Pass
"01968265-dd3a-7ecf-97ba-98a42721ed68-0196c2da-717d-71cd-99b9-fe4cb9efab53-123-180086666019||SPEC-00023863|2|||||","0196c2da-717d-71cd-99b9-fe4cb9efab53","01968265-dd3a-7ecf-97ba-98a42721ed68",CypressTC3 – Streamer Test,"123",2025-05-12 00:00:00.000,"180086666019||SPEC-00023863|2|||||",Study-181251,"128388_FormC","128388_FormC","80000079",Malvern_API-L,Cork_API-L,PARTICULATE MATTER 6,≥ 125 µm MFD per ml,"25Â°C/60%RH","3 Months","0.15","0.15",Particles/ml,"",No limit,Pass
"01968265-dd3a-7ecf-97ba-98a42721ed68-0196c2da-717d-7396-94ae-51da2b4c5121-123-180086666017||SPEC-00023863|2|||||","0196c2da-717d-7396-94ae-51da2b4c5121","01968265-dd3a-7ecf-97ba-98a42721ed68",CypressTC3 – Streamer Test,"123",2025-05-12 00:00:00.000,"180086666017||SPEC-00023863|2|||||",Study-181251,"128388_FormC","128388_FormC","80000079",Malvern_API-L,Cork_API-L,PARTICULATE MATTER 6,≥ 70 µm MFD per ml,"25Â°C/60%RH","3 Months","0.23","0.23",Particles/ml,"",No limit,Pass
"01968265-dd3a-7ecf-97ba-98a42721ed68-0196c2da-717d-7c0c-8cd7-7f4ce32d942e-123-180086666015|GLO|SPEC-00023863|2||<=|10||","0196c2da-717d-7c0c-8cd7-7f4ce32d942e","01968265-dd3a-7ecf-97ba-98a42721ed68",CypressTC3 – Streamer Test,"123",2025-05-12 00:00:00.000,"180086666015|GLO|SPEC-00023863|2||<=|10||",Study-181251,"128388_FormC","128388_FormC","80000079",Malvern_API-L,Cork_API-L,PARTICULATE MATTER 6,≥ 70 µm ECD per ml,"25Â°C/60%RH","3 Months","0","0.07",Particles/ml,GLO,≥70 μm ECD : ≤10 particles per mL,Pass
"01968265-dd3a-7ecf-97ba-98a42721ed68-0196c2da-717d-7d19-98cf-cb8ac496855b-123-180086666021||SPEC-00023863|2|||||","0196c2da-717d-7d19-98cf-cb8ac496855b","01968265-dd3a-7ecf-97ba-98a42721ed68",CypressTC3 – Streamer Test,"123",2025-05-12 00:00:00.000,"180086666021||SPEC-00023863|2|||||",Study-181251,"128388_FormC","128388_FormC","80000079",Malvern_API-L,Cork_API-L,PARTICULATE MATTER 1,≥ 2 to < 10 µm per ml,"25Â°C/60%RH","3 Months","570.00","570.00",Particles/ml,"",No limit,Pass
"01968265-dd3a-7ecf-97ba-98a42721ed68-0196c2da-717e-702b-9ed4-f278f8f1671c-123-180086666033|GLO|SPEC-00023863|2||>=|5.2|<=|6.2","0196c2da-717e-702b-9ed4-f278f8f1671c","01968265-dd3a-7ecf-97ba-98a42721ed68",CypressTC3 – Streamer Test,"123",2025-05-12 00:00:00.000,"180086666033|GLO|SPEC-00023863|2||>=|5.2|<=|6.2",Study-181251,"128388_FormC","128388_FormC","80000080",Malvern_API-L,Cork_API-L,PH,pH,"25Â°C/60%RH","3 Months","5.8","5.79",,GLO,>=5.2 <=6.2,Pass
"01968265-dd3a-7ecf-97ba-98a42721ed68-0196c2da-717e-71ed-8445-b79ef1e7b98d-123-180086666027||SPEC-00023863|2|||||","0196c2da-717e-71ed-8445-b79ef1e7b98d","01968265-dd3a-7ecf-97ba-98a42721ed68",CypressTC3 – Streamer Test,"123",2025-05-12 00:00:00.000,"180086666027||SPEC-00023863|2|||||",Study-181251,"128388_FormC","128388_FormC","80000079",Malvern_API-L,Cork_API-L,PARTICULATE MATTER 1,≥ 2 to < 10 µm,"25Â°C/60%RH","3 Months","2166","2166.00",Particles/vial,"",No limit,Pass
"01968265-dd3a-7ecf-97ba-98a42721ed68-0196c2da-717e-728d-bfbe-db36e883bae9-123-180086666035|GLO|SPEC-00023863|2||In|<= B2;<= B3;<= B4;<= B5;<= B6;<= B7;<= B8;<= B9;COLORLESS||","0196c2da-717e-728d-bfbe-db36e883bae9","01968265-dd3a-7ecf-97ba-98a42721ed68",CypressTC3 – Streamer Test,"123",2025-05-12 00:00:00.000,"180086666035|GLO|SPEC-00023863|2||In|<= B2;<= B3;<= B4;<= B5;<= B6;<= B7;<= B8;<= B9;COLORLESS||",Study-181251,"128388_FormC","128388_FormC","80000080",Malvern_API-L,Cork_API-L,COLOUR SOLUTION,Brown Series (Standard B),"25Â°C/60%RH","3 Months",<= B8,<= B8,,GLO,Colorless to ≤B2,Pass
"01968265-dd3a-7ecf-97ba-98a42721ed68-0196c2da-717e-73ad-8c8d-dd2f6b658c1d-123-180086666031|GLO|SPEC-00023863|2||<=|600||","0196c2da-717e-73ad-8c8d-dd2f6b658c1d","01968265-dd3a-7ecf-97ba-98a42721ed68",CypressTC3 – Streamer Test,"123",2025-05-12 00:00:00.000,"180086666031|GLO|SPEC-00023863|2||<=|600||",Study-181251,"128388_FormC","128388_FormC","80000079",Malvern_API-L,Cork_API-L,PARTICULATE MATTER 1,≥ 25 µm,"25Â°C/60%RH","3 Months","1","0.76",Particles/vial,GLO,  <=600,Pass
"01968265-dd3a-7ecf-97ba-98a42721ed68-0196c2da-717e-7492-95c6-651c5a6b5afc-123-180086666023||SPEC-00023863|2|||||","0196c2da-717e-7492-95c6-651c5a6b5afc","01968265-dd3a-7ecf-97ba-98a42721ed68",CypressTC3 – Streamer Test,"123",2025-05-12 00:00:00.000,"180086666023||SPEC-00023863|2|||||",Study-181251,"128388_FormC","128388_FormC","80000079",Malvern_API-L,Cork_API-L,PARTICULATE MATTER 1,≥ 10 to < 25 µm per ml,"25Â°C/60%RH","3 Months","7.67","7.67",Particles/ml,"",No limit,Pass
"01968265-dd3a-7ecf-97ba-98a42721ed68-0196c2da-717e-7820-8eaa-da6a21073113-123-180086666025||SPEC-00023863|2|||||","0196c2da-717e-7820-8eaa-da6a21073113","01968265-dd3a-7ecf-97ba-98a42721ed68",CypressTC3 – Streamer Test,"123",2025-05-12 00:00:00.000,"180086666025||SPEC-00023863|2|||||",Study-181251,"128388_FormC","128388_FormC","80000079",Malvern_API-L,Cork_API-L,PARTICULATE MATTER 1,≥ 25 µm per ml,"25Â°C/60%RH","3 Months","0.20","0.20",Particles/ml,"",No limit,Pass
"01968265-dd3a-7ecf-97ba-98a42721ed68-0196c2da-717e-7ef8-9e5a-cc08ad0ec705-123-180086666029|GLO|SPEC-00023863|2||<=|6000||","0196c2da-717e-7ef8-9e5a-cc08ad0ec705","01968265-dd3a-7ecf-97ba-98a42721ed68",CypressTC3 – Streamer Test,"123",2025-05-12 00:00:00.000,"180086666029|GLO|SPEC-00023863|2||<=|6000||",Study-181251,"128388_FormC","128388_FormC","80000079",Malvern_API-L,Cork_API-L,PARTICULATE MATTER 1,≥ 10 µm,"25Â°C/60%RH","3 Months","30","29.90",Particles/vial,GLO,  <=6000,Pass
"01968265-dd3a-7ecf-97ba-98a42721ed68-0196c2da-717f-73f3-9096-8318cca58600-123-180086666043|CHAR|SPEC-00023863|2||>|-99999||","0196c2da-717f-73f3-9096-8318cca58600","01968265-dd3a-7ecf-97ba-98a42721ed68",CypressTC3 – Streamer Test,"123",2025-05-12 00:00:00.000,"180086666043|CHAR|SPEC-00023863|2||>|-99999||",Study-181251,"128388_FormC","128388_FormC","80000081",Malvern_API-L,Cork_API-L,BINDING ASSAY 2,FcγRIIIa binding assay,"25Â°C/60%RH","3 Months","101","101",%,CHAR,Report results,Pass
"01968265-dd3a-7ecf-97ba-98a42721ed68-0196c2da-717f-764a-bfc0-40729fe26985-123-180086666041|GLO|SPEC-00023863|2||<=|18||","0196c2da-717f-764a-bfc0-40729fe26985","01968265-dd3a-7ecf-97ba-98a42721ed68",CypressTC3 – Streamer Test,"123",2025-05-12 00:00:00.000,"180086666041|GLO|SPEC-00023863|2||<=|18||",Study-181251,"128388_FormC","128388_FormC","80000080",Malvern_API-L,Cork_API-L,TURBIDITY,Turbidity,"25Â°C/60%RH","3 Months","6","5.53",NTU,GLO,  <=18,Pass
"01968265-dd3a-7ecf-97ba-98a42721ed68-0196c2da-717f-782d-95a9-8e6e80bcd700-123-180086666037|GLO|SPEC-00023863|2||In|<= BY2;<= BY3;<= BY4;<= BY5;<= BY6;<= BY7;<= BY8;<= BY9;COLORLESS||","0196c2da-717f-782d-95a9-8e6e80bcd700","01968265-dd3a-7ecf-97ba-98a42721ed68",CypressTC3 – Streamer Test,"123",2025-05-12 00:00:00.000,"180086666037|GLO|SPEC-00023863|2||In|<= BY2;<= BY3;<= BY4;<= BY5;<= BY6;<= BY7;<= BY8;<= BY9;COLORLESS||",Study-181251,"128388_FormC","128388_FormC","80000080",Malvern_API-L,Cork_API-L,COLOUR SOLUTION,Brown-Yellow Series (Standard BY),"25Â°C/60%RH","3 Months",<= BY6,<= BY6,,GLO,Colorless to ≤BY2,Pass
"01968265-dd3a-7ecf-97ba-98a42721ed68-0196c2da-717f-7bae-882c-96b520bf5811-123-180086666039|GLO|SPEC-00023863|2||In|<=Y2;<=Y3;<=Y4;<=Y5;<=Y6;<=Y7;<=Y8;<=Y9;COLORLESS||","0196c2da-717f-7bae-882c-96b520bf5811","01968265-dd3a-7ecf-97ba-98a42721ed68",CypressTC3 – Streamer Test,"123",2025-05-12 00:00:00.000,"180086666039|GLO|SPEC-00023863|2||In|<=Y2;<=Y3;<=Y4;<=Y5;<=Y6;<=Y7;<=Y8;<=Y9;COLORLESS||",Study-181251,"128388_FormC","128388_FormC","80000080",Malvern_API-L,Cork_API-L,COLOUR SOLUTION,Yellow Series (Standard Y),"25Â°C/60%RH","3 Months",<=Y6,<=Y6,,GLO,Colorless to ≤Y2,Pass
"01968265-dd3a-7ecf-97ba-98a42721ed68-0196c2da-7180-7064-a439-63466ddc78fe-123-180086666045|CHAR|SPEC-00023863|2||Not In|-99999||","0196c2da-7180-7064-a439-63466ddc78fe","01968265-dd3a-7ecf-97ba-98a42721ed68",CypressTC3 – Streamer Test,"123",2025-05-12 00:00:00.000,"180086666045|CHAR|SPEC-00023863|2||Not In|-99999||",Study-181251,"128388_FormC","128388_FormC","80000081",Malvern_API-L,Cork_API-L,PEPTIDE MAPPING,Peptide Map,"25Â°C/60%RH","3 Months",CNTO 4424-n001-01372,CNTO 4424-n001-01372,,CHAR,Report results,Pass
"01968265-dd3a-7ecf-97ba-98a42721ed68-0196c2da-7180-7fb3-9784-32e34df5807c-123-180086666049|CHAR|SPEC-00023863|2||>|-99999||","0196c2da-7180-7fb3-9784-32e34df5807c","01968265-dd3a-7ecf-97ba-98a42721ed68",CypressTC3 – Streamer Test,"123",2025-05-12 00:00:00.000,"180086666049|CHAR|SPEC-00023863|2||>|-99999||",Study-181251,"128388_FormC","128388_FormC","80000082",Malvern_API-L,Cork_API-L,POLYSORBATE,Polysorbate 80,"25Â°C/60%RH","3 Months","0.0","0.0498",%,CHAR,Report results,Pass
"01968265-dd3a-7ecf-97ba-98a42721ed68-0196c2da-b7d6-7045-a648-5ce821e72a23-123-180087465375|GLO|SPEC-00023863|2||<=|10.0||","0196c2da-b7d6-7045-a648-5ce821e72a23","01968265-dd3a-7ecf-97ba-98a42721ed68",CypressTC3 – Streamer Test,"123",2025-05-12 00:00:00.000,"180087465375|GLO|SPEC-00023863|2||<=|10.0||",Study-181251,"128388_FormC","128388_FormC","80000079",Malvern_API-L,Cork_API-L,CSDS REDUCED,AG HC,"25Â°C/60%RH","3 Months","3.9","3.894",%,GLO,  <=10.0,Pass
"01968265-dd3a-7ecf-97ba-98a42721ed68-0196c2da-b7d6-7a48-aaea-df12c3359df3-123-180087465377|GLO|SPEC-00023863|2||In|NO NEW PEAK > 1.0% COMPARED TO REFERENCE MATERIAL||","0196c2da-b7d6-7a48-aaea-df12c3359df3","01968265-dd3a-7ecf-97ba-98a42721ed68",CypressTC3 – Streamer Test,"123",2025-05-12 00:00:00.000,"180087465377|GLO|SPEC-00023863|2||In|NO NEW PEAK > 1.0% COMPARED TO REFERENCE MATERIAL||",Study-181251,"128388_FormC","128388_FormC","80000079",Malvern_API-L,Cork_API-L,CSDS REDUCED,New peaks,"25Â°C/60%RH","3 Months",No new peak > 1.0% compared to Reference Material,No new peak > 1.0% compared to Reference Material,,GLO,   ,Pass
"01968265-dd3a-7ecf-97ba-98a42721ed68-0196c2da-b7d6-7fa3-b578-76e3f01b9ba9-123-180087465373|GLO|SPEC-00023863|2||>=|90.0||","0196c2da-b7d6-7fa3-b578-76e3f01b9ba9","01968265-dd3a-7ecf-97ba-98a42721ed68",CypressTC3 – Streamer Test,"123",2025-05-12 00:00:00.000,"180087465373|GLO|SPEC-00023863|2||>=|90.0||",Study-181251,"128388_FormC","128388_FormC","80000079",Malvern_API-L,Cork_API-L,CSDS REDUCED,Purity,"25Â°C/60%RH","3 Months","94.7","94.655",%,GLO,>=90.0  ,Pass
"01968265-dd3a-7ecf-97ba-98a42721ed68-0196c2da-d882-78ed-bb1b-fce66b49a2ce-123-180087922629|GLO|SPEC-00023863|2||>=|90.0||","0196c2da-d882-78ed-bb1b-fce66b49a2ce","01968265-dd3a-7ecf-97ba-98a42721ed68",CypressTC3 – Streamer Test,"123",2025-05-12 00:00:00.000,"180087922629|GLO|SPEC-00023863|2||>=|90.0||",Study-181251,"128388_FormC","128388_FormC","18975905",Malvern_API-L,Cork_API-L,CSDS REDUCED,Purity,"40Â°C/75%RH","3 Months","88.6","88.607",%,GLO,>=90.0  ,Fail
"01968265-dd3a-7ecf-97ba-98a42721ed68-0196c2da-d883-78a5-b00b-1ff4dd2dced8-123-180087922631|GLO|SPEC-00023863|2||<=|10.0||","0196c2da-d883-78a5-b00b-1ff4dd2dced8","01968265-dd3a-7ecf-97ba-98a42721ed68",CypressTC3 – Streamer Test,"123",2025-05-12 00:00:00.000,"180087922631|GLO|SPEC-00023863|2||<=|10.0||",Study-181251,"128388_FormC","128388_FormC","18975905",Malvern_API-L,Cork_API-L,CSDS REDUCED,AG HC,"40Â°C/75%RH","3 Months","4.0","3.960",%,GLO,  <=10.0,Fail
"01968265-dd3a-7ecf-97ba-98a42721ed68-0196c2da-d883-7fe2-8a5f-6df4eebf2b8e-123-180087922633|GLO|SPEC-00023863|2||In|NO NEW PEAK > 1.0% COMPARED TO REFERENCE MATERIAL||","0196c2da-d883-7fe2-8a5f-6df4eebf2b8e","01968265-dd3a-7ecf-97ba-98a42721ed68",CypressTC3 – Streamer Test,"123",2025-05-12 00:00:00.000,"180087922633|GLO|SPEC-00023863|2||In|NO NEW PEAK > 1.0% COMPARED TO REFERENCE MATERIAL||",Study-181251,"128388_FormC","128388_FormC","18975905",Malvern_API-L,Cork_API-L,CSDS REDUCED,New peaks,"40Â°C/75%RH","3 Months",No new peak > 1.0% compared to Reference Material,No new peak > 1.0% compared to Reference Material,,GLO,   ,Fail
